sum(PWGTP),SCHL_grouped,PINCP_adjusted
32915016,Pre-diploma grade,NA
3029,Bachelors degree,478000
30673,Associates degree,110000
12680,Masters degree,230000
147772,Associates degree,49000
901189,Pre-degree college,23000
990279,Regular high school diploma,16000
687214,Regular high school diploma,42000
124667,GED or alternative credential,33000
398548,Pre-degree college,37000
1233809,Masters degree,0
791164,Pre-degree college,9000
615167,Regular high school diploma,40000
674818,Pre-diploma grade,14000
1020482,N/A,0
142935,Masters degree,35000
618688,Pre-degree college,42000
1159021,Regular high school diploma,23000
290814,Masters degree,63000
988796,Regular high school diploma,9000
543722,Pre-degree college,40000
667917,Regular high school diploma,47000
713542,Regular high school diploma,34000
307839,Bachelors degree,80000
242732,Bachelors degree,86000
155078,Associates degree,70000
367485,Bachelors degree,43000
50800,Pre-degree college,113000
955904,Regular high school diploma,24000
614153,Pre-degree college,34000
327339,Pre-degree college,49000
356341,Bachelors degree,18000
408287,Bachelors degree,67000
590090,Bachelors degree,36000
213580,Associates degree,9000
331032,Regular high school diploma,49000
296,Associates degree,472000
160233,Masters degree,17000
530701,Pre-degree college,45000
597715,Regular high school diploma,45000
296468,Pre-degree college,70000
719011,Pre-degree college,16000
1105300,Pre-diploma grade,11000
34229,Bachelors degree,173000
261817,Associates degree,24000
424057,Pre-degree college,59000
269053,Regular high school diploma,70000
737053,Pre-degree college,24000
394872,Bachelors degree,1000
35551,Bachelors degree,180000
241402,Bachelors degree,93000
247789,Bachelors degree,66000
1875,Bachelors degree,398000
56339,Pre-diploma grade,55000
98966,Associates degree,104000
625582,Pre-degree college,47000
66120,Pre-degree college,109000
134058,Associates degree,73000
12371,Masters degree,216000
246109,Associates degree,34000
242394,Pre-degree college,73000
155046,Associates degree,37000
410256,Regular high school diploma,59000
53677,Masters degree,189000
34175,Regular high school diploma,113000
288463,Masters degree,89000
48919,N/A,63000
92857,N/A,17000
94720,Masters degree,145000
99867,Masters degree,15000
243916,Associates degree,16000
75827,N/A,15000
94111,N/A,8000
178343,Pre-degree college,104000
15812,Pre-degree college,144000
243558,Associates degree,45000
49493,N/A,35000
45185,N/A,89000
232983,Associates degree,40000
53132,Pre-degree college,110000
152196,Bachelors degree,128000
314232,Associates degree,23000
212175,Pre-diploma grade,32000
24480,Masters degree,245000
109807,Pre-diploma grade,56000
77475,Bachelors degree,121000
49438,Bachelors degree,177000
5529,Bachelors degree,323000
767,Bachelors degree,1159000
18588,Pre-degree college,138000
144881,Masters degree,61000
103034,GED or alternative credential,25000
215670,Associates degree,59000
294270,Associates degree,47000
12794,Associates degree,127000
35317,Associates degree,109000
277283,Associates degree,42000
92390,Masters degree,4000
57521,N/A,4000
391923,Bachelors degree,53000
95548,Masters degree,20000
137953,Regular high school diploma,104000
52613,Associates degree,88000
228084,Bachelors degree,100000
216529,Regular high school diploma,73000
22344,Pre-degree college,-2000
2823,Regular high school diploma,211000
447184,Regular high school diploma,37000
70015,Bachelors degree,123000
74917,Masters degree,174000
26507,Bachelors degree,191000
6917,Bachelors degree,325000
38545,Regular high school diploma,122000
58295,Masters degree,228000
59361,Pre-degree college,122000
18759,N/A,145000
326249,Bachelors degree,7000
9730,Masters degree,716000
26595,Bachelors degree,176000
44523,Masters degree,129000
91863,Masters degree,142000
51654,Pre-degree college,105000
10178,N/A,189000
57291,N/A,20000
8423,N/A,129000
21537,Masters degree,181000
16540,Bachelors degree,255000
28803,Masters degree,155000
6512,Bachelors degree,542000
169686,Pre-diploma grade,38000
75804,Bachelors degree,119000
2658,N/A,560000
70174,Masters degree,146000
9427,Regular high school diploma,182000
135529,Masters degree,30000
90214,Pre-degree college,90000
47938,GED or alternative credential,48000
24730,Pre-degree college,127000
11872,Bachelors degree,238000
764,Pre-degree college,458000
55868,N/A,30000
18908,N/A,142000
457,Bachelors degree,753000
6064,Regular high school diploma,237000
103987,Masters degree,8000
4703,Bachelors degree,315000
4079,N/A,234000
50638,Associates degree,90000
14263,Regular high school diploma,127000
18119,Bachelors degree,215000
487,N/A,427000
5042,Pre-degree college,190000
579,Masters degree,910000
107768,Masters degree,3000
50027,Masters degree,166000
91158,Pre-degree college,88000
5286,Masters degree,570000
750,N/A,570000
26671,Pre-diploma grade,95000
1003,Pre-diploma grade,149000
15456,Regular high school diploma,-2000
31934,Masters degree,194000
12960,Masters degree,302000
7688,Masters degree,276000
4840,Bachelors degree,303000
38480,Bachelors degree,205000
90804,GED or alternative credential,39000
21767,Masters degree,220000
3791,Bachelors degree,367000
5120,Masters degree,307000
6184,Bachelors degree,241000
35883,Regular high school diploma,105000
3792,Regular high school diploma,185000
2341,Pre-diploma grade,143000
140,Pre-degree college,735000
3458,Masters degree,427000
68449,Regular high school diploma,88000
43509,Regular high school diploma,109000
40045,Masters degree,278000
4292,Masters degree,345000
68771,N/A,3000
35839,Regular high school diploma,110000
8595,Masters degree,242000
15588,N/A,174000
978,Pre-diploma grade,209000
10231,Regular high school diploma,150000
1421,Bachelors degree,575000
839,Pre-degree college,430000
29304,Associates degree,105000
31420,Bachelors degree,169000
11057,N/A,166000
748,Masters degree,680000
6917,Associates degree,-2000
23746,Masters degree,207000
19420,Pre-degree college,150000
6560,N/A,278000
23332,Bachelors degree,313000
3991,Masters degree,318000
4093,Regular high school diploma,-8000
8923,Pre-degree college,164000
49051,Masters degree,261000
3058,N/A,249000
36621,GED or alternative credential,65000
1332,Masters degree,661000
6192,N/A,155000
10303,Associates degree,150000
21908,Bachelors degree,229000
46243,Masters degree,141000
19968,Masters degree,234000
67225,Regular high school diploma,90000
17873,Masters degree,560000
2046,N/A,302000
2119,Masters degree,555000
1316,Pre-degree college,332000
3898,Masters degree,293000
9508,Masters degree,246000
657,N/A,469000
21349,Masters degree,206000
1181,Regular high school diploma,282000
16107,Pre-degree college,182000
7053,N/A,194000
64,N/A,797000
22527,N/A,61000
676,Pre-degree college,473000
3190,Bachelors degree,463000
1520,Pre-diploma grade,158000
4826,N/A,245000
1647,Masters degree,593000
4251,N/A,206000
11024,Regular high school diploma,138000
3395,Bachelors degree,397000
12082,Pre-diploma grade,103000
14756,GED or alternative credential,94000
383,N/A,357000
2600,Bachelors degree,438000
14087,GED or alternative credential,82000
4706,Associates degree,237000
1602,Masters degree,381000
1002,Regular high school diploma,399000
4771,Pre-diploma grade,167000
6763,Bachelors degree,698000
3678,Pre-diploma grade,124000
344,N/A,459000
17687,Masters degree,249000
4220,Bachelors degree,339000
6591,Bachelors degree,540000
44510,Bachelors degree,132000
2374,Masters degree,357000
35788,Associates degree,122000
4266,N/A,181000
660,Regular high school diploma,380000
13896,Pre-degree college,165000
778,Pre-degree college,434000
1569,N/A,289000
3452,Regular high school diploma,190000
10175,Pre-degree college,237000
3860,GED or alternative credential,136000
155,GED or alternative credential,617000
2537,Bachelors degree,652000
5924,Pre-degree college,-8000
10010,Regular high school diploma,144000
2397,N/A,216000
28611,Associates degree,113000
5321,Pre-degree college,185000
2978,Masters degree,534000
3190,Masters degree,346000
386,Bachelors degree,684000
9043,Associates degree,138000
3168,Regular high school diploma,187000
4033,Regular high school diploma,170000
57,Pre-diploma grade,366000
1964,Associates degree,222000
127,Pre-degree college,883000
3946,Bachelors degree,280000
3795,Bachelors degree,353000
24679,Masters degree,179000
5729,Masters degree,506000
164,N/A,529000
2013,Associates degree,190000
2077,Masters degree,452000
1671,GED or alternative credential,172000
5755,Pre-degree college,187000
2269,Masters degree,495000
1926,Pre-degree college,319000
256,Bachelors degree,887000
7719,Masters degree,289000
9598,N/A,141000
19325,GED or alternative credential,74000
1493,Masters degree,728000
5987,Regular high school diploma,164000
9292,Pre-diploma grade,96000
3050,N/A,230000
9802,N/A,228000
4495,GED or alternative credential,117000
7515,Pre-degree college,170000
1936,Bachelors degree,504000
2472,Masters degree,730000
3675,Bachelors degree,324000
856,N/A,506000
3105,Associates degree,185000
7648,Regular high school diploma,165000
3819,Associates degree,170000
8722,N/A,261000
7302,Masters degree,301000
5338,Bachelors degree,340000
4060,Bachelors degree,643000
1581,Masters degree,453000
175,Pre-diploma grade,265000
560,Regular high school diploma,404000
2704,Masters degree,543000
128,Pre-diploma grade,640000
5875,Pre-degree college,211000
39,Bachelors degree,1107000
12897,Masters degree,218000
14002,N/A,146000
4323,Bachelors degree,344000
1505,Pre-degree college,309000
1833,Masters degree,431000
2862,Masters degree,321000
3417,Masters degree,448000
1279,Bachelors degree,580000
950,Bachelors degree,672000
2176,Bachelors degree,481000
228,Masters degree,1180000
598,Masters degree,779000
265,GED or alternative credential,236000
12807,Bachelors degree,257000
3011,Masters degree,-1000
2496,Masters degree,601000
5929,GED or alternative credential,98000
118,Regular high school diploma,693000
3866,Masters degree,467000
1889,Bachelors degree,571000
1289,Pre-degree college,603000
1047,Bachelors degree,832000
1380,Pre-degree college,254000
328,GED or alternative credential,348000
4406,Masters degree,362000
8252,Associates degree,144000
2868,Bachelors degree,322000
1721,GED or alternative credential,140000
2859,N/A,218000
2432,Bachelors degree,455000
446,Regular high school diploma,458000
4100,Masters degree,469000
4085,N/A,220000
2938,Bachelors degree,391000
7299,Associates degree,165000
3134,Pre-degree college,262000
2219,Masters degree,358000
356,Masters degree,806000
544,N/A,393000
1368,Masters degree,760000
4090,Masters degree,311000
1732,GED or alternative credential,162000
871,Regular high school diploma,489000
730,N/A,362000
593,Regular high school diploma,382000
4893,GED or alternative credential,137000
2506,Masters degree,416000
3549,Masters degree,503000
160,Pre-degree college,614000
677,Masters degree,789000
1044,Regular high school diploma,496000
1658,Regular high school diploma,222000
2041,Bachelors degree,490000
110,N/A,795000
1133,Pre-degree college,496000
90,Pre-diploma grade,494000
263,Regular high school diploma,642000
936,N/A,307000
31,Pre-degree college,752000
150,Pre-diploma grade,374000
468,Bachelors degree,741000
2203,Bachelors degree,439000
2778,Masters degree,486000
341,Pre-diploma grade,281000
1234,Regular high school diploma,319000
783,Associates degree,471000
2792,Masters degree,480000
1213,N/A,301000
1226,Regular high school diploma,309000
198,Pre-degree college,597000
783,Masters degree,651000
589,Bachelors degree,700000
1377,Masters degree,459000
382,N/A,346000
2751,GED or alternative credential,151000
1521,Pre-diploma grade,200000
409,Associates degree,458000
147,Bachelors degree,1010000
7588,Bachelors degree,538000
274,Bachelors degree,810000
4792,N/A,207000
1110,N/A,293000
1342,Pre-degree college,419000
4411,Bachelors degree,270000
7381,Pre-diploma grade,156000
863,Pre-degree college,380000
1493,Bachelors degree,424000
367,Pre-diploma grade,333000
1069,Pre-degree college,361000
4078,Masters degree,393000
285,Regular high school diploma,411000
1220,Masters degree,586000
430,Associates degree,395000
1593,Pre-degree college,282000
377,Masters degree,900000
626,Masters degree,805000
2416,Bachelors degree,500000
4079,GED or alternative credential,120000
293,Regular high school diploma,472000
305,N/A,452000
101,N/A,829000
1039,Bachelors degree,609000
1317,Bachelors degree,421000
1291,Pre-degree college,489000
2512,Pre-diploma grade,160000
60,Pre-degree college,859000
745,N/A,503000
142,Bachelors degree,1056000
144,Masters degree,863000
1958,Pre-degree college,471000
953,Pre-degree college,399000
274,Masters degree,966000
1534,GED or alternative credential,188000
859,Pre-diploma grade,296000
405,Pre-degree college,598000
4033,GED or alternative credential,171000
17,Pre-diploma grade,860000
737,N/A,495000
557,Associates degree,319000
266,Pre-degree college,539000
489,Bachelors degree,671000
2159,N/A,246000
993,Bachelors degree,670000
120,N/A,712000
3812,Bachelors degree,384000
731,Bachelors degree,665000
26,Masters degree,1382000
17,Regular high school diploma,713000
958,Pre-degree college,316000
1543,GED or alternative credential,186000
2867,Associates degree,187000
200,N/A,767000
804,Pre-degree college,382000
9100,Associates degree,182000
4639,Bachelors degree,331000
222,Bachelors degree,946000
1456,Regular high school diploma,262000
945,Masters degree,606000
907,Pre-diploma grade,198000
1199,Pre-degree college,395000
131,Associates degree,556000
356,Associates degree,404000
156,Regular high school diploma,618000
102,Pre-degree college,623000
2316,Masters degree,456000
24,Bachelors degree,1124000
875,N/A,483000
526,Regular high school diploma,434000
707,Bachelors degree,-10000
1717,N/A,276000
45,GED or alternative credential,595000
5840,N/A,179000
48,Associates degree,513000
1117,Regular high school diploma,361000
1328,Regular high school diploma,419000
16,Pre-diploma grade,625000
1001,Bachelors degree,666000
2882,Bachelors degree,372000
844,N/A,311000
41,Pre-degree college,628000
1677,Regular high school diploma,395000
236,Pre-diploma grade,244000
73,GED or alternative credential,279000
257,Pre-degree college,618000
246,Associates degree,522000
598,Regular high school diploma,316000
368,Associates degree,309000
186,GED or alternative credential,338000
698,Associates degree,282000
4599,Associates degree,164000
2119,Masters degree,582000
814,Pre-degree college,404000
1603,Bachelors degree,792000
219,Associates degree,602000
438,Associates degree,254000
247,Masters degree,826000
351,Regular high school diploma,509000
2542,Masters degree,483000
1070,Masters degree,739000
142,Associates degree,545000
185,Masters degree,959000
166,Pre-degree college,573000
69,Bachelors degree,1323000
1027,Pre-diploma grade,203000
550,N/A,448000
685,Masters degree,749000
467,Bachelors degree,702000
331,Masters degree,849000
573,N/A,467000
1715,Pre-degree college,306000
2679,Associates degree,-8000
570,Pre-degree college,411000
703,Regular high school diploma,305000
136,Pre-diploma grade,329000
1015,Pre-degree college,335000
272,GED or alternative credential,250000
64,Regular high school diploma,636000
2868,Associates degree,211000
53,Regular high school diploma,628000
316,Masters degree,819000
615,N/A,486000
444,N/A,534000
48,Masters degree,1248000
1741,N/A,716000
59,Pre-degree college,940000
87,N/A,694000
688,Masters degree,703000
398,Masters degree,797000
457,Bachelors degree,722000
364,Associates degree,434000
1062,Masters degree,-7000
795,Masters degree,795000
4,Regular high school diploma,908000
137,Associates degree,411000
259,N/A,730000
784,Regular high school diploma,335000
274,Pre-diploma grade,298000
938,Pre-degree college,305000
384,Pre-degree college,413000
938,Pre-diploma grade,184000
51,Pre-diploma grade,823000
328,Bachelors degree,799000
739,Regular high school diploma,603000
340,Associates degree,335000
3188,Pre-degree college,222000
1053,Bachelors degree,664000
498,N/A,453000
63,Masters degree,963000
818,N/A,318000
286,N/A,593000
715,Pre-degree college,435000
904,Masters degree,829000
763,Regular high school diploma,332000
40,Pre-diploma grade,572000
778,Pre-degree college,754000
160,Associates degree,430000
747,N/A,358000
171,Pre-diploma grade,508000
61,Pre-diploma grade,577000
1123,Regular high school diploma,522000
318,Pre-diploma grade,576000
75,Masters degree,1266000
703,Bachelors degree,668000
1624,N/A,242000
26,Masters degree,1040000
100,GED or alternative credential,368000
716,N/A,345000
67,GED or alternative credential,530000
109,Pre-diploma grade,341000
143,Pre-diploma grade,563000
152,Pre-diploma grade,299000
52,N/A,805000
1395,Associates degree,262000
46,GED or alternative credential,611000
820,Regular high school diploma,430000
435,N/A,431000
756,Pre-diploma grade,192000
468,Pre-diploma grade,210000
1794,GED or alternative credential,208000
64,Regular high school diploma,573000
33,GED or alternative credential,675000
222,Pre-diploma grade,422000
99,N/A,900000
405,Associates degree,399000
252,Pre-diploma grade,356000
663,Regular high school diploma,306000
740,Pre-diploma grade,-9000
51,Regular high school diploma,556000
1287,Masters degree,529000
20,Associates degree,713000
1248,Bachelors degree,645000
351,Pre-diploma grade,433000
23,Pre-diploma grade,756000
127,Bachelors degree,1204000
620,Pre-degree college,509000
156,Associates degree,473000
581,Associates degree,332000
355,N/A,416000
191,Associates degree,509000
390,Pre-degree college,501000
433,Associates degree,489000
61,Masters degree,961000
666,Masters degree,1111000
604,Regular high school diploma,435000
324,Pre-diploma grade,251000
106,Associates degree,539000
45,Regular high school diploma,745000
182,N/A,728000
101,GED or alternative credential,527000
1078,Regular high school diploma,473000
621,N/A,480000
552,Regular high school diploma,254000
836,N/A,-1000
107,Pre-diploma grade,535000
14,Bachelors degree,1047000
21,Pre-degree college,1023000
143,Masters degree,880000
106,Bachelors degree,909000
11,Bachelors degree,1148000
185,N/A,661000
182,Pre-diploma grade,247000
362,Bachelors degree,853000
210,Bachelors degree,897000
647,Bachelors degree,705000
252,Pre-diploma grade,297000
203,Masters degree,1113000
79,GED or alternative credential,292000
220,Pre-degree college,701000
179,GED or alternative credential,532000
114,N/A,739000
430,N/A,456000
1164,Regular high school diploma,471000
676,N/A,321000
687,Associates degree,754000
459,Masters degree,764000
107,N/A,680000
28,Associates degree,623000
18,Bachelors degree,1090000
439,Associates degree,603000
106,Pre-diploma grade,389000
30,Pre-diploma grade,856000
522,Associates degree,361000
200,Pre-degree college,581000
399,Regular high school diploma,403000
90,Regular high school diploma,882000
66,N/A,764000
395,Pre-diploma grade,-4000
364,N/A,555000
104,Bachelors degree,1114000
545,Pre-diploma grade,183000
310,Pre-diploma grade,286000
377,GED or alternative credential,405000
341,Bachelors degree,1175000
690,Masters degree,750000
141,GED or alternative credential,485000
288,Masters degree,920000
388,N/A,381000
189,Pre-diploma grade,227000
374,Pre-degree college,472000
169,Associates degree,382000
70,Associates degree,769000
385,Regular high school diploma,754000
264,Pre-diploma grade,512000
52,N/A,873000
549,Pre-degree college,642000
106,Bachelors degree,886000
206,Bachelors degree,729000
158,Regular high school diploma,513000
236,Pre-diploma grade,662000
40,Associates degree,711000
1014,GED or alternative credential,232000
81,Bachelors degree,975000
2,Bachelors degree,1516000
34,Masters degree,1223000
654,Masters degree,767000
606,Pre-degree college,602000
173,Regular high school diploma,649000
149,Pre-diploma grade,351000
659,GED or alternative credential,219000
385,Associates degree,305000
66,Regular high school diploma,614000
46,Associates degree,685000
21,Pre-degree college,1094000
41,N/A,1120000
29,Associates degree,774000
61,Bachelors degree,1140000
112,Pre-degree college,650000
108,Associates degree,608000
181,Bachelors degree,837000
244,Pre-diploma grade,256000
106,Pre-degree college,713000
346,N/A,601000
63,Pre-degree college,608000
258,N/A,703000
152,Regular high school diploma,539000
218,Bachelors degree,-11000
9,Masters degree,1758000
375,Pre-degree college,513000
88,Masters degree,941000
34,Associates degree,933000
550,Pre-degree college,403000
280,N/A,543000
683,Masters degree,712000
28,Pre-degree college,864000
23,Pre-diploma grade,686000
166,Pre-degree college,711000
553,Masters degree,873000
615,Pre-degree college,545000
115,Pre-diploma grade,782000
20,N/A,1656000
249,Pre-degree college,556000
342,Associates degree,380000
50,N/A,789000
244,Regular high school diploma,602000
281,Pre-diploma grade,547000
180,Pre-diploma grade,376000
140,Pre-diploma grade,260000
69,N/A,863000
316,Associates degree,496000
45,Pre-diploma grade,420000
265,N/A,586000
124,Regular high school diploma,597000
139,GED or alternative credential,253000
27,Pre-degree college,1019000
490,Associates degree,316000
368,N/A,582000
469,Associates degree,419000
124,Pre-diploma grade,589000
366,Pre-diploma grade,347000
743,Pre-degree college,522000
127,GED or alternative credential,417000
143,Associates degree,501000
402,GED or alternative credential,355000
153,N/A,-7000
89,Pre-diploma grade,726000
187,Pre-diploma grade,549000
107,Masters degree,988000
35,Pre-degree college,908000
83,Pre-degree college,743000
76,N/A,651000
39,Bachelors degree,840000
423,Associates degree,306000
203,Associates degree,435000
8,Bachelors degree,1201000
30,GED or alternative credential,771000
140,N/A,749000
229,Pre-diploma grade,583000
149,GED or alternative credential,497000
431,Masters degree,694000
161,GED or alternative credential,476000
62,GED or alternative credential,264000
13,Associates degree,940000
174,Bachelors degree,902000
114,Pre-degree college,1156000
92,Regular high school diploma,701000
358,Bachelors degree,1125000
143,GED or alternative credential,412000
9,N/A,1113000
18,Associates degree,989000
49,Pre-degree college,933000
126,Regular high school diploma,501000
39,N/A,988000
88,Regular high school diploma,685000
237,Regular high school diploma,413000
139,Pre-degree college,685000
245,Masters degree,833000
27,Pre-degree college,746000
269,GED or alternative credential,233000
34,Masters degree,1572000
48,Pre-degree college,745000
77,Masters degree,1116000
406,GED or alternative credential,559000
148,GED or alternative credential,520000
35,Masters degree,1431000
211,Bachelors degree,917000
71,Associates degree,735000
9,Associates degree,908000
82,Pre-degree college,653000
24,GED or alternative credential,518000
117,Pre-diploma grade,479000
72,Associates degree,701000
50,Bachelors degree,1528000
75,Associates degree,745000
242,Associates degree,413000
168,Masters degree,1061000
25,Masters degree,1281000
203,Pre-diploma grade,442000
165,Regular high school diploma,545000
235,Pre-diploma grade,294000
57,Regular high school diploma,735000
127,Bachelors degree,1012000
121,N/A,910000
89,GED or alternative credential,697000
12,GED or alternative credential,785000
144,GED or alternative credential,511000
13,Bachelors degree,1081000
16,Bachelors degree,1173000
14,GED or alternative credential,715000
154,Pre-diploma grade,447000
91,Pre-degree college,709000
30,Pre-degree college,1373000
165,Bachelors degree,934000
59,Bachelors degree,1335000
96,GED or alternative credential,271000
11,Pre-degree college,867000
177,Pre-diploma grade,524000
39,Pre-degree college,919000
12,Bachelors degree,1215000
149,Masters degree,1054000
12,Regular high school diploma,945000
72,Pre-degree college,636000
259,N/A,750000
347,GED or alternative credential,320000
41,Pre-diploma grade,621000
473,Masters degree,892000
100,Masters degree,1242000
12,GED or alternative credential,630000
90,Associates degree,642000
82,Bachelors degree,1098000
12,N/A,1036000
30,Pre-diploma grade,1388000
571,Masters degree,1108000
15,Associates degree,1158000
65,Pre-diploma grade,584000
101,Masters degree,1036000
210,Regular high school diploma,598000
59,Masters degree,1291000
26,Pre-degree college,1043000
38,Bachelors degree,1347000
403,Regular high school diploma,634000
55,Pre-degree college,774000
38,N/A,833000
58,GED or alternative credential,493000
292,Bachelors degree,977000
20,Masters degree,999000
23,GED or alternative credential,1172000
11,Associates degree,964000
122,N/A,606000
6,Masters degree,1386000
193,GED or alternative credential,466000
14,GED or alternative credential,619000
60,Masters degree,1290000
41,N/A,806000
5,GED or alternative credential,757000
41,Bachelors degree,1296000
32,Pre-degree college,796000
48,Bachelors degree,1045000
44,N/A,966000
47,GED or alternative credential,363000
31,Pre-degree college,871000
31,Associates degree,912000
137,Pre-diploma grade,259000
10,Masters degree,1283000
23,Associates degree,871000
38,N/A,1227000
75,Masters degree,906000
44,Pre-diploma grade,446000
58,Pre-degree college,634000
12,Associates degree,945000
304,Associates degree,581000
96,Associates degree,618000
16,Bachelors degree,1070000
45,Regular high school diploma,752000
29,Associates degree,597000
214,Masters degree,1402000
27,Masters degree,1227000
261,Regular high school diploma,746000
11,Pre-diploma grade,687000
38,Bachelors degree,1024000
11,Bachelors degree,998000
10,Pre-degree college,1141000
122,Masters degree,1082000
67,Regular high school diploma,903000
100,Regular high school diploma,623000
84,Masters degree,1363000
29,Regular high school diploma,919000
29,Associates degree,1055000
88,Bachelors degree,1230000
14,Pre-degree college,1091000
75,Regular high school diploma,743000
56,GED or alternative credential,328000
31,Bachelors degree,1022000
10,Masters degree,1152000
5,Masters degree,1355000
9,Bachelors degree,1385000
4,GED or alternative credential,514000
26,N/A,906000
7,Associates degree,807000
71,Pre-diploma grade,502000
40,Masters degree,1254000
51,Regular high school diploma,653000
211,Associates degree,403000
25,GED or alternative credential,574000
116,Associates degree,573000
10,Bachelors degree,1200000
106,Pre-degree college,820000
41,GED or alternative credential,378000
5,Pre-degree college,818000
25,Bachelors degree,1015000
111,Associates degree,598000
28,GED or alternative credential,588000
16,GED or alternative credential,612000
7,Bachelors degree,1663000
41,N/A,880000
21,Masters degree,1273000
29,Masters degree,1007000
72,Associates degree,709000
79,N/A,760000
14,Regular high school diploma,818000
42,Bachelors degree,1042000
93,Regular high school diploma,608000
9,Pre-diploma grade,647000
8,Bachelors degree,1093000
20,Masters degree,1151000
12,GED or alternative credential,848000
21,N/A,826000
32,Regular high school diploma,650000
71,GED or alternative credential,629000
18,Masters degree,1387000
22,Associates degree,1166000
25,Masters degree,1157000
117,Regular high school diploma,581000
90,Pre-degree college,649000
14,Pre-degree college,945000
70,GED or alternative credential,464000
15,Masters degree,1186000
18,Masters degree,1597000
29,Pre-degree college,964000
35,Associates degree,653000
129,Pre-diploma grade,784000
30,N/A,1242000
54,Regular high school diploma,744000
34,Pre-diploma grade,747000
7,Pre-degree college,912000
17,Associates degree,1297000
18,Regular high school diploma,1129000
3,Associates degree,882000
10,N/A,1216000
62,Regular high school diploma,-13000
22,GED or alternative credential,536000
37,Bachelors degree,927000
17,N/A,920000
52,Masters degree,1120000
5,Bachelors degree,1345000
17,Bachelors degree,1188000
18,Regular high school diploma,864000
15,Associates degree,614000
26,Regular high school diploma,888000
22,Bachelors degree,1279000
14,Pre-degree college,1420000
67,Masters degree,1013000
55,Regular high school diploma,913000
37,Pre-diploma grade,667000
10,Masters degree,1486000
33,Bachelors degree,1073000
54,GED or alternative credential,626000
11,Masters degree,1766000
27,Regular high school diploma,709000
36,Pre-degree college,913000
183,Pre-degree college,1089000
25,GED or alternative credential,369000
13,Pre-degree college,807000
12,N/A,1040000
27,Associates degree,649000
123,Pre-degree college,693000
15,Pre-degree college,1129000
17,Bachelors degree,1183000
65,Regular high school diploma,1005000
12,N/A,963000
16,Associates degree,693000
10,Bachelors degree,1316000
13,Bachelors degree,954000
10,Masters degree,1717000
21,Bachelors degree,1286000
13,Pre-degree college,1232000
7,Associates degree,628000
15,Pre-degree college,882000
9,Associates degree,650000
19,Pre-diploma grade,637000
6,Regular high school diploma,769000
13,Pre-diploma grade,737000
36,N/A,779000
22,N/A,819000
12,Pre-diploma grade,708000
35,Bachelors degree,1384000
1,Bachelors degree,1074000
13,Regular high school diploma,1275000
29,Regular high school diploma,984000
6,Regular high school diploma,912000
24,GED or alternative credential,926000
18,N/A,1061000
5,Pre-degree college,1217000
13,Pre-diploma grade,852000
4,Associates degree,883000
8,N/A,1013000
10,Pre-degree college,1203000
44,Pre-degree college,841000
37,Associates degree,752000
17,Pre-degree college,965000
29,Regular high school diploma,940000
32,Bachelors degree,1324000
4,Bachelors degree,1057000
65,Associates degree,634000
62,GED or alternative credential,426000
32,Regular high school diploma,711000
15,N/A,1027000
25,Pre-diploma grade,720000
11,Masters degree,1703000
14,Regular high school diploma,1019000
13,N/A,1290000
18,Pre-diploma grade,696000
14,Pre-degree college,1475000
7,Regular high school diploma,1203000
50,GED or alternative credential,515000
15,N/A,961000
5,Regular high school diploma,1137000
49,Pre-diploma grade,719000
5,Pre-diploma grade,475000
33,Regular high school diploma,964000
2,Associates degree,888000
13,GED or alternative credential,1087000
14,GED or alternative credential,1065000
16,Regular high school diploma,774000
17,Pre-diploma grade,648000
2,Pre-diploma grade,620000
19,Associates degree,1023000
4,Regular high school diploma,796000
26,Masters degree,1533000
30,Associates degree,743000
12,Bachelors degree,1064000
15,Masters degree,1027000
8,N/A,941000
56,Pre-diploma grade,718000
28,Associates degree,859000
47,GED or alternative credential,657000
8,Pre-diploma grade,578000
540507,Bachelors degree,56000
856731,Pre-degree college,21000
1285845,Pre-diploma grade,1000
50815,N/A,52000
1176728,Regular high school diploma,13000
1840,Bachelors degree,583000
55866,Regular high school diploma,125000
1146198,Regular high school diploma,21000
943203,Regular high school diploma,31000
1018522,Regular high school diploma,12000
265686,Bachelors degree,55000
365347,Bachelors degree,38000
703274,Pre-degree college,46000
169399,Masters degree,51000
869145,Pre-degree college,13000
126252,GED or alternative credential,26000
246294,Associates degree,12000
884139,Regular high school diploma,27000
60590,Pre-degree college,106000
349772,Regular high school diploma,68000
685288,Pre-degree college,27000
259615,Associates degree,27000
754793,Pre-degree college,31000
486740,Bachelors degree,14000
369487,Pre-degree college,68000
430968,Pre-diploma grade,18000
36252,Bachelors degree,149000
131270,GED or alternative credential,29000
173840,Masters degree,60000
466139,Bachelors degree,11000
157206,Associates degree,78000
70881,Associates degree,69000
25030,N/A,139000
138229,GED or alternative credential,2000
549659,Pre-diploma grade,7000
803619,Pre-degree college,12000
71481,GED or alternative credential,50000
302575,Associates degree,21000
100576,GED or alternative credential,5000
64890,Associates degree,114000
21372,N/A,77000
226545,Pre-degree college,72000
129740,GED or alternative credential,28000
143086,Masters degree,107000
196220,Masters degree,81000
132223,Pre-diploma grade,43000
274841,Associates degree,13000
86142,Masters degree,102000
240094,Masters degree,58000
63826,Masters degree,223000
133779,Masters degree,97000
175721,Regular high school diploma,62000
338548,Bachelors degree,95000
296821,Associates degree,31000
38015,GED or alternative credential,83000
315312,Pre-diploma grade,36000
4495,GED or alternative credential,130000
34541,Associates degree,106000
60270,Masters degree,112000
143407,N/A,10000
29960,Masters degree,197000
545,Pre-degree college,498000
124954,GED or alternative credential,6000
193673,Bachelors degree,103000
12968,GED or alternative credential,111000
311129,Bachelors degree,32000
138525,Pre-degree college,69000
21019,Masters degree,334000
13029,Bachelors degree,256000
172821,Bachelors degree,156000
196248,Associates degree,68000
195772,Pre-degree college,62000
120838,Associates degree,72000
285581,Pre-degree college,78000
260006,Masters degree,52000
122805,Masters degree,10000
66004,Regular high school diploma,118000
85564,Bachelors degree,124000
125208,Masters degree,22000
2806,Pre-degree college,231000
11769,Pre-degree college,168000
55744,Masters degree,133000
245131,Masters degree,71000
29069,N/A,81000
128290,Masters degree,139000
769185,Regular high school diploma,46000
35244,Bachelors degree,203000
20580,Masters degree,239000
97914,Masters degree,108000
99596,Associates degree,62000
134068,GED or alternative credential,19000
15126,Masters degree,199000
322651,Associates degree,46000
837,Masters degree,627000
50275,Associates degree,118000
30943,Pre-degree college,154000
119494,Pre-degree college,114000
116390,Masters degree,85000
146100,Bachelors degree,167000
4330,Bachelors degree,494000
240598,Regular high school diploma,78000
41595,Regular high school diploma,106000
16645,Regular high school diploma,154000
140806,Bachelors degree,96000
48008,Associates degree,125000
104181,Masters degree,92000
34801,Bachelors degree,209000
6214,Bachelors degree,247000
32870,Pre-diploma grade,66000
154884,Masters degree,77000
54591,Bachelors degree,200000
57218,Pre-diploma grade,67000
31355,N/A,51000
2227,N/A,243000
4693,Masters degree,354000
88476,Bachelors degree,160000
191004,Regular high school diploma,72000
34992,N/A,71000
87183,Regular high school diploma,114000
41117,N/A,58000
89422,Pre-degree college,118000
105898,GED or alternative credential,41000
44754,Masters degree,157000
27295,Masters degree,152000
7081,Masters degree,263000
93183,Pre-diploma grade,53000
3096,Masters degree,386000
662,Associates degree,252000
757,N/A,349000
4201,Bachelors degree,260000
38839,Bachelors degree,184000
2944,Regular high school diploma,196000
59384,GED or alternative credential,44000
17996,Bachelors degree,192000
2340,Bachelors degree,422000
12248,Bachelors degree,244000
1285,Pre-diploma grade,169000
14657,Bachelors degree,210000
1243,Masters degree,681000
23745,Pre-degree college,126000
2165,Masters degree,523000
26131,N/A,60000
636,N/A,759000
473,Associates degree,312000
429,Associates degree,564000
23108,Masters degree,290000
9665,Masters degree,272000
66554,N/A,22000
98153,Masters degree,178000
11724,Associates degree,126000
4868,Masters degree,371000
5291,N/A,197000
444,Bachelors degree,710000
5872,Masters degree,436000
15510,Masters degree,342000
5555,Masters degree,407000
1874,Bachelors degree,508000
718,Bachelors degree,731000
4646,Masters degree,406000
24422,Masters degree,212000
26272,Bachelors degree,296000
9668,N/A,133000
811,GED or alternative credential,217000
2039,Masters degree,605000
13488,N/A,102000
5541,Bachelors degree,259000
83101,Pre-degree college,125000
31510,Pre-diploma grade,80000
14320,Pre-diploma grade,100000
3880,Pre-diploma grade,123000
9648,Masters degree,243000
21380,Pre-diploma grade,93000
5395,Associates degree,168000
2350,Bachelors degree,376000
119810,Regular high school diploma,69000
1889,Pre-degree college,312000
24931,Masters degree,175000
27917,GED or alternative credential,75000
3743,Masters degree,622000
1666,Regular high school diploma,274000
10692,Bachelors degree,227000
82399,Bachelors degree,143000
2896,Pre-degree college,221000
24323,N/A,107000
8846,Bachelors degree,662000
4220,N/A,290000
189,N/A,794000
169,N/A,898000
36689,GED or alternative credential,54000
7893,Masters degree,273000
10809,Pre-degree college,159000
5190,Bachelors degree,286000
36978,Bachelors degree,158000
1086,Bachelors degree,599000
2360,Bachelors degree,-9000
4029,Masters degree,396000
12361,GED or alternative credential,99000
15991,GED or alternative credential,91000
4531,Masters degree,349000
2250,Masters degree,561000
9205,GED or alternative credential,101000
512,Regular high school diploma,385000
20099,Pre-degree college,135000
17623,GED or alternative credential,87000
8602,Masters degree,308000
9805,N/A,112000
4935,Masters degree,443000
4774,Associates degree,159000
1481,Masters degree,646000
10863,Associates degree,135000
2567,Masters degree,428000
11205,Regular high school diploma,135000
75504,GED or alternative credential,57000
1268,Regular high school diploma,554000
6241,Regular high school diploma,168000
4742,Masters degree,566000
17522,N/A,85000
15014,Associates degree,154000
7048,Masters degree,291000
7840,Regular high school diploma,161000
15910,Masters degree,226000
25247,Masters degree,193000
2972,Bachelors degree,341000
2502,Bachelors degree,589000
601,Pre-degree college,392000
2973,Pre-degree college,284000
4828,Bachelors degree,297000
760,Bachelors degree,857000
19773,Bachelors degree,183000
12,Bachelors degree,1239000
748,Pre-degree college,632000
1743,Regular high school diploma,284000
5694,Masters degree,499000
775,Regular high school diploma,248000
30314,Bachelors degree,198000
2251,Associates degree,235000
212,Bachelors degree,830000
3099,N/A,226000
373,N/A,487000
20940,Pre-diploma grade,86000
14869,GED or alternative credential,76000
977,Associates degree,544000
2601,Masters degree,567000
1756,Regular high school diploma,231000
7056,Associates degree,161000
4188,Masters degree,658000
154,GED or alternative credential,414000
4883,Masters degree,277000
14798,GED or alternative credential,79000
3015,Masters degree,388000
473,N/A,450000
7922,Bachelors degree,281000
357,GED or alternative credential,267000
4660,Bachelors degree,265000
5286,Masters degree,415000
188,GED or alternative credential,314000
11356,N/A,223000
4093,Bachelors degree,512000
15727,N/A,108000
8049,Masters degree,706000
829,Pre-degree college,541000
4331,Pre-degree college,235000
5127,Masters degree,304000
31540,GED or alternative credential,64000
874,Bachelors degree,-4000
15655,Bachelors degree,251000
3835,N/A,334000
1103,Bachelors degree,475000
3652,GED or alternative credential,148000
20668,N/A,97000
480,Associates degree,326000
2467,Regular high school diploma,225000
14280,Regular high school diploma,126000
1120,Bachelors degree,584000
12147,Masters degree,266000
2829,Pre-degree college,274000
1563,Masters degree,450000
2522,Bachelors degree,719000
2191,Bachelors degree,502000
19317,N/A,178000
1934,Pre-degree college,258000
1024,Associates degree,284000
32,Regular high school diploma,692000
2306,Bachelors degree,366000
1972,Bachelors degree,577000
1603,Masters degree,537000
1992,Bachelors degree,420000
1285,Bachelors degree,565000
835,Regular high school diploma,370000
3741,N/A,199000
1865,Masters degree,408000
1477,Bachelors degree,640000
2357,Associates degree,196000
3111,GED or alternative credential,131000
8195,N/A,157000
1350,Pre-degree college,252000
2676,Bachelors degree,333000
227,N/A,605000
1707,N/A,-3000
4413,N/A,212000
5465,Bachelors degree,576000
4434,N/A,175000
5948,N/A,152000
1312,Pre-degree college,460000
2454,Pre-degree college,669000
5415,N/A,193000
809,Masters degree,654000
183,Pre-diploma grade,490000
185,GED or alternative credential,461000
4845,Pre-degree college,225000
671,N/A,396000
1717,Bachelors degree,572000
5576,Masters degree,418000
2658,Masters degree,425000
11929,GED or alternative credential,116000
1266,N/A,390000
458,N/A,327000
16498,N/A,92000
143,Associates degree,528000
1549,Bachelors degree,578000
1877,Pre-degree college,554000
538,GED or alternative credential,240000
1118,Bachelors degree,446000
6473,Masters degree,568000
267,Associates degree,451000
2313,Bachelors degree,347000
972,Pre-diploma grade,191000
154,Masters degree,1021000
1740,Regular high school diploma,235000
4757,Pre-degree college,196000
1309,N/A,407000
11551,GED or alternative credential,84000
13464,Pre-degree college,161000
2629,Bachelors degree,329000
304,N/A,613000
2152,Bachelors degree,447000
1654,Regular high school diploma,544000
747,Regular high school diploma,392000
345,Associates degree,269000
2890,Bachelors degree,563000
3437,Bachelors degree,726000
4158,Bachelors degree,298000
87,GED or alternative credential,387000
1354,Associates degree,231000
923,N/A,415000
3601,Bachelors degree,535000
4057,Masters degree,-3000
1294,Pre-degree college,385000
5288,Regular high school diploma,159000
6533,Masters degree,383000
3461,Bachelors degree,351000
443,N/A,352000
5662,GED or alternative credential,134000
2727,Masters degree,591000
1986,Pre-degree college,317000
6247,GED or alternative credential,115000
4584,Bachelors degree,356000
523,Bachelors degree,756000
1006,Pre-degree college,444000
2465,Masters degree,734000
345,Bachelors degree,803000
1128,Pre-degree college,288000
1845,Pre-degree college,491000
120,GED or alternative credential,330000
178,N/A,673000
1637,Pre-degree college,248000
600,Masters degree,1067000
2976,Pre-diploma grade,121000
4285,Bachelors degree,433000
524,Associates degree,474000
741,N/A,428000
1873,Associates degree,225000
658,Regular high school diploma,288000
1442,Pre-degree college,379000
3141,Masters degree,759000
506,Regular high school diploma,474000
574,N/A,364000
2493,Pre-degree college,544000
503,Pre-degree college,592000
454,Bachelors degree,620000
1118,N/A,273000
2813,Masters degree,364000
988,N/A,499000
978,N/A,354000
360,Pre-diploma grade,229000
1635,N/A,263000
1145,Pre-degree college,550000
2091,Masters degree,352000
2968,Bachelors degree,547000
1077,GED or alternative credential,153000
732,Masters degree,688000
3961,Bachelors degree,782000
1369,Pre-degree college,269000
1276,Pre-diploma grade,177000
426,Regular high school diploma,541000
649,N/A,371000
285,Bachelors degree,775000
477,N/A,523000
699,Associates degree,669000
6304,Pre-diploma grade,128000
1417,Masters degree,594000
330,N/A,658000
4490,Bachelors degree,299000
753,N/A,409000
347,Associates degree,370000
614,Pre-degree college,631000
754,Bachelors degree,784000
168,Pre-diploma grade,344000
3698,Bachelors degree,479000
567,GED or alternative credential,201000
4081,Pre-diploma grade,119000
813,Regular high school diploma,252000
1966,Masters degree,780000
2426,N/A,266000
525,Associates degree,317000
266,N/A,567000
1321,N/A,291000
7440,Masters degree,390000
115,Associates degree,498000
702,Bachelors degree,687000
1231,Pre-diploma grade,176000
719,Bachelors degree,708000
1000,N/A,568000
295,N/A,656000
722,Regular high school diploma,379000
1013,Bachelors degree,549000
67,GED or alternative credential,942000
469,Regular high school diploma,562000
95,Pre-diploma grade,315000
394,Bachelors degree,686000
1035,N/A,277000
341,Pre-diploma grade,313000
782,GED or alternative credential,204000
785,N/A,418000
99,Pre-degree college,828000
147,Masters degree,1068000
326,Associates degree,385000
2281,Masters degree,656000
1029,Pre-degree college,326000
2551,N/A,272000
45,Associates degree,692000
2125,Masters degree,402000
379,N/A,525000
166,GED or alternative credential,224000
255,Bachelors degree,944000
907,Pre-degree college,445000
2381,Bachelors degree,389000
148,Bachelors degree,967000
1633,Masters degree,525000
417,Bachelors degree,839000
3299,Masters degree,409000
511,Regular high school diploma,550000
1065,Regular high school diploma,564000
1619,Masters degree,487000
1004,Pre-degree college,437000
241,N/A,432000
890,Pre-degree college,551000
874,Bachelors degree,720000
1428,Masters degree,717000
4056,Bachelors degree,294000
106,Masters degree,1233000
223,Pre-degree college,528000
1183,Regular high school diploma,460000
23,Pre-degree college,1128000
412,Pre-diploma grade,303000
737,Masters degree,758000
716,Regular high school diploma,632000
3590,Masters degree,327000
949,Pre-degree college,370000
60,Pre-degree college,692000
121,Pre-diploma grade,424000
475,Associates degree,554000
726,N/A,706000
179,Pre-degree college,531000
627,Associates degree,360000
852,Masters degree,766000
1284,N/A,304000
267,Pre-diploma grade,340000
26,Regular high school diploma,724000
2621,N/A,342000
944,Regular high school diploma,360000
47,N/A,827000
1062,Regular high school diploma,451000
4019,N/A,239000
521,Associates degree,437000
640,GED or alternative credential,163000
97,Pre-diploma grade,372000
1450,Masters degree,673000
9,GED or alternative credential,770000
47,GED or alternative credential,699000
27,GED or alternative credential,449000
722,N/A,388000
526,Masters degree,742000
185,Associates degree,444000
590,Regular high school diploma,531000
35,Pre-diploma grade,580000
855,Bachelors degree,625000
745,Bachelors degree,647000
97,Masters degree,1032000
145,Pre-degree college,638000
1967,Masters degree,432000
300,N/A,780000
1578,Masters degree,794000
24,Masters degree,1199000
4593,Bachelors degree,442000
1310,Pre-degree college,360000
1321,Regular high school diploma,491000
275,N/A,758000
1443,Regular high school diploma,221000
918,N/A,383000
2326,N/A,308000
745,Bachelors degree,695000
934,Bachelors degree,615000
653,Associates degree,445000
272,Bachelors degree,696000
699,Bachelors degree,637000
1110,Bachelors degree,667000
740,Pre-diploma grade,173000
783,Associates degree,274000
152,Pre-diploma grade,323000
5,GED or alternative credential,1136000
389,Regular high school diploma,590000
380,Pre-diploma grade,255000
1192,Bachelors degree,524000
661,Masters degree,824000
638,Bachelors degree,737000
1258,GED or alternative credential,195000
264,GED or alternative credential,268000
16,Pre-diploma grade,571000
1050,Pre-diploma grade,180000
2054,Pre-diploma grade,132000
1515,Pre-degree college,564000
237,GED or alternative credential,365000
174,Masters degree,827000
168,Masters degree,894000
1338,GED or alternative credential,147000
103,Regular high school diploma,809000
678,Bachelors degree,707000
140,Associates degree,592000
969,Associates degree,288000
730,Bachelors degree,621000
424,Masters degree,956000
686,GED or alternative credential,-6000
217,N/A,646000
1686,Bachelors degree,374000
254,N/A,594000
216,Pre-diploma grade,478000
634,Regular high school diploma,437000
794,Associates degree,491000
723,N/A,443000
640,N/A,425000
1043,Regular high school diploma,312000
681,N/A,566000
291,Masters degree,786000
363,GED or alternative credential,202000
820,Pre-degree college,375000
906,Associates degree,221000
345,Masters degree,1025000
395,Regular high school diploma,445000
60,GED or alternative credential,400000
371,N/A,591000
455,Regular high school diploma,498000
30,GED or alternative credential,793000
113,Masters degree,1630000
428,Pre-diploma grade,215000
516,Regular high school diploma,258000
1345,Pre-diploma grade,205000
239,N/A,537000
269,Pre-diploma grade,324000
533,Regular high school diploma,326000
733,Pre-degree college,410000
320,GED or alternative credential,214000
284,N/A,600000
208,Bachelors degree,842000
521,GED or alternative credential,213000
38,N/A,996000
381,Regular high school diploma,631000
287,Associates degree,631000
356,Associates degree,460000
795,Regular high school diploma,269000
832,Pre-degree college,562000
647,Pre-degree college,590000
309,Masters degree,831000
21,Masters degree,1009000
19,Pre-degree college,802000
70,GED or alternative credential,454000
641,Masters degree,876000
473,Associates degree,392000
279,Masters degree,931000
411,Regular high school diploma,410000
1026,Pre-degree college,474000
214,Masters degree,896000
1068,N/A,436000
128,GED or alternative credential,558000
261,Associates degree,531000
162,Bachelors degree,877000
151,Pre-degree college,533000
422,Pre-diploma grade,257000
7,GED or alternative credential,674000
1529,Masters degree,847000
148,GED or alternative credential,488000
125,Masters degree,1041000
264,Pre-degree college,663000
724,Bachelors degree,648000
18,Regular high school diploma,855000
217,Pre-diploma grade,238000
208,Masters degree,1142000
475,Associates degree,379000
57,Pre-diploma grade,954000
1179,Regular high school diploma,317000
195,GED or alternative credential,275000
139,GED or alternative credential,295000
19,Masters degree,1246000
362,Associates degree,410000
677,Masters degree,691000
127,GED or alternative credential,336000
67,Pre-diploma grade,643000
96,Pre-diploma grade,421000
190,Bachelors degree,1097000
288,Associates degree,550000
152,Bachelors degree,862000
288,GED or alternative credential,285000
153,Pre-diploma grade,500000
31,Bachelors degree,1388000
318,Masters degree,951000
101,Pre-diploma grade,439000
410,Masters degree,851000
30,Regular high school diploma,683000
83,Pre-degree college,776000
153,Pre-degree college,678000
856,Masters degree,613000
766,N/A,386000
286,Masters degree,843000
226,Regular high school diploma,533000
59,Bachelors degree,1236000
556,Regular high school diploma,551000
35,Bachelors degree,1117000
159,Pre-degree college,579000
1595,Masters degree,600000
34,Masters degree,1268000
446,Bachelors degree,747000
973,Masters degree,868000
166,Masters degree,995000
47,Masters degree,1168000
166,Bachelors degree,860000
1045,Regular high school diploma,669000
352,Pre-degree college,548000
83,Pre-degree college,845000
818,Masters degree,714000
593,Associates degree,248000
42,Bachelors degree,1101000
44,Associates degree,872000
87,Masters degree,899000
356,N/A,408000
25,Associates degree,725000
987,Pre-degree college,451000
530,Masters degree,1211000
177,Pre-diploma grade,455000
80,Bachelors degree,823000
27,GED or alternative credential,337000
304,Regular high school diploma,592000
71,N/A,831000
11,Pre-diploma grade,664000
89,Regular high school diploma,776000
408,Masters degree,874000
31,Regular high school diploma,834000
172,Regular high school diploma,548000
209,Masters degree,1235000
9,Bachelors degree,1102000
294,N/A,681000
98,GED or alternative credential,423000
25,N/A,895000
608,Associates degree,258000
264,N/A,402000
6,Associates degree,1106000
59,Pre-degree college,736000
227,Associates degree,632000
191,Masters degree,898000
233,N/A,561000
80,Pre-degree college,970000
325,Masters degree,923000
325,Associates degree,562000
978,N/A,406000
28,Regular high school diploma,850000
193,Bachelors degree,856000
25,Masters degree,1504000
70,Associates degree,533000
114,Associates degree,505000
93,Pre-diploma grade,331000
96,GED or alternative credential,359000
91,N/A,798000
102,GED or alternative credential,287000
6,Masters degree,1483000
161,N/A,627000
20,Bachelors degree,1187000
12,Masters degree,1570000
79,Masters degree,870000
176,GED or alternative credential,644000
31,Bachelors degree,1163000
107,N/A,899000
467,N/A,622000
77,GED or alternative credential,429000
2,Associates degree,1119000
179,Pre-diploma grade,-10000
52,GED or alternative credential,641000
12,Pre-degree college,1085000
920,Bachelors degree,718000
11,N/A,1235000
101,GED or alternative credential,462000
39,Bachelors degree,1240000
79,Pre-diploma grade,481000
88,Pre-diploma grade,353000
53,Bachelors degree,885000
534,Pre-degree college,505000
23,N/A,923000
46,Masters degree,1191000
145,Pre-diploma grade,270000
173,GED or alternative credential,482000
538,Regular high school diploma,444000
118,GED or alternative credential,596000
257,Masters degree,1001000
72,Pre-degree college,872000
467,Regular high school diploma,375000
136,Masters degree,996000
247,Masters degree,974000
66,Pre-diploma grade,504000
5,Bachelors degree,1481000
73,Bachelors degree,1049000
161,GED or alternative credential,394000
39,GED or alternative credential,610000
103,N/A,688000
82,Bachelors degree,1280000
142,N/A,1067000
503,Pre-diploma grade,538000
60,Bachelors degree,1307000
11,Masters degree,1330000
35,GED or alternative credential,457000
30,Bachelors degree,948000
661,Regular high school diploma,505000
448,GED or alternative credential,-5000
56,Pre-diploma grade,-11000
183,Pre-diploma grade,397000
280,Pre-diploma grade,339000
182,N/A,824000
58,GED or alternative credential,465000
174,Pre-diploma grade,398000
290,Regular high school diploma,528000
123,GED or alternative credential,519000
46,Associates degree,678000
71,GED or alternative credential,300000
189,Pre-diploma grade,463000
96,Pre-diploma grade,668000
300,Pre-diploma grade,325000
53,Bachelors degree,1169000
16,Pre-diploma grade,897000
113,Pre-diploma grade,280000
18,Masters degree,1122000
71,Associates degree,638000
137,Masters degree,1127000
14,Bachelors degree,1325000
36,Pre-diploma grade,645000
574,Masters degree,798000
190,N/A,896000
27,Pre-degree college,865000
57,GED or alternative credential,350000
31,N/A,974000
286,Associates degree,551000
309,N/A,734000
44,Pre-degree college,811000
128,Pre-degree college,765000
70,Bachelors degree,1110000
126,Pre-diploma grade,241000
172,Pre-diploma grade,384000
84,Bachelors degree,1071000
104,Masters degree,1278000
108,Pre-diploma grade,391000
136,N/A,843000
335,Bachelors degree,808000
192,Pre-diploma grade,540000
73,Pre-degree college,1075000
9,Pre-degree college,1389000
167,N/A,714000
12,Pre-degree college,1048000
61,Regular high school diploma,1026000
102,Masters degree,992000
24,Regular high school diploma,957000
73,Associates degree,590000
134,Pre-degree college,607000
19,Bachelors degree,1155000
21,Associates degree,655000
92,GED or alternative credential,468000
256,Associates degree,375000
35,Bachelors degree,852000
30,Regular high school diploma,638000
34,GED or alternative credential,477000
114,Regular high school diploma,579000
12,Pre-diploma grade,684000
79,Regular high school diploma,663000
9,Masters degree,1121000
11,Regular high school diploma,783000
135,Pre-diploma grade,698000
34,Pre-diploma grade,1159000
18,N/A,825000
12,GED or alternative credential,800000
69,N/A,1052000
64,Bachelors degree,981000
113,Masters degree,1194000
26,Associates degree,893000
47,Associates degree,850000
92,GED or alternative credential,401000
22,Regular high school diploma,828000
84,Pre-degree college,724000
412,Pre-diploma grade,542000
70,Associates degree,548000
87,Pre-degree college,655000
9,N/A,1623000
39,Masters degree,952000
52,GED or alternative credential,343000
20,GED or alternative credential,526000
13,Bachelors degree,1589000
170,GED or alternative credential,470000
260,N/A,717000
199,Associates degree,541000
231,GED or alternative credential,546000
21,Pre-degree college,783000
42,N/A,766000
7,Pre-degree college,1473000
2,Pre-degree college,1182000
191,GED or alternative credential,377000
143,GED or alternative credential,373000
90,Regular high school diploma,655000
31,Pre-degree college,947000
43,Regular high school diploma,678000
105,Bachelors degree,1202000
131,Pre-diploma grade,652000
317,Pre-diploma grade,438000
17,N/A,952000
45,Bachelors degree,921000
152,GED or alternative credential,440000
216,GED or alternative credential,310000
29,Masters degree,1340000
89,Regular high school diploma,748000
25,Pre-degree college,949000
24,Pre-diploma grade,575000
8,Bachelors degree,1118000
58,Masters degree,1213000
144,Pre-diploma grade,367000
57,Masters degree,1709000
28,Associates degree,761000
28,Pre-diploma grade,670000
140,Regular high school diploma,607000
145,GED or alternative credential,510000
50,Pre-degree college,850000
11,Regular high school diploma,955000
158,Bachelors degree,969000
4,Pre-diploma grade,753000
157,N/A,654000
19,Masters degree,1016000
40,Pre-diploma grade,917000
26,Pre-degree college,809000
6,Regular high school diploma,929000
96,Bachelors degree,1028000
26,Masters degree,1095000
93,Bachelors degree,1510000
28,Masters degree,1069000
66,Bachelors degree,1150000
31,Associates degree,814000
11,N/A,1211000
28,Pre-degree college,1119000
21,Associates degree,776000
20,Associates degree,929000
6,Bachelors degree,1379000
36,N/A,691000
53,Pre-degree college,725000
32,N/A,876000
16,Regular high school diploma,1167000
13,N/A,1041000
11,N/A,851000
51,Regular high school diploma,804000
32,GED or alternative credential,552000
15,GED or alternative credential,787000
41,N/A,742000
41,N/A,931000
5,Associates degree,740000
28,Masters degree,1517000
93,GED or alternative credential,441000
23,Regular high school diploma,1085000
66,Bachelors degree,1419000
14,Pre-diploma grade,665000
34,Associates degree,736000
250,GED or alternative credential,521000
20,Bachelors degree,1077000
48,Masters degree,905000
40,Pre-degree college,1195000
41,Associates degree,579000
25,Pre-diploma grade,705000
152,Masters degree,825000
43,N/A,1504000
63,N/A,951000
54,Associates degree,607000
9,N/A,870000
141,Regular high school diploma,725000
10,Bachelors degree,1103000
22,Masters degree,1277000
14,GED or alternative credential,884000
61,GED or alternative credential,484000
90,GED or alternative credential,283000
15,Associates degree,663000
27,N/A,1267000
30,Regular high school diploma,949000
31,GED or alternative credential,507000
46,GED or alternative credential,723000
47,Bachelors degree,1206000
23,GED or alternative credential,727000
14,Bachelors degree,1394000
79,Masters degree,991000
27,Masters degree,1192000
16,Associates degree,783000
158,Pre-diploma grade,322000
20,Associates degree,724000
25,Regular high school diploma,814000
65,GED or alternative credential,517000
11,Masters degree,1250000
44,Pre-degree college,748000
28,Pre-diploma grade,927000
13,Regular high school diploma,773000
56,N/A,847000
31,Masters degree,1623000
113,Pre-degree college,740000
12,Bachelors degree,1445000
51,Masters degree,1017000
13,Pre-degree college,1046000
11,Associates degree,1135000
52,Bachelors degree,1092000
34,Masters degree,1084000
11,Pre-degree college,957000
26,Pre-diploma grade,792000
39,Bachelors degree,1462000
18,Pre-diploma grade,741000
32,Bachelors degree,1031000
53,Pre-degree college,761000
2,Bachelors degree,1306000
22,Associates degree,970000
11,N/A,868000
8,Pre-diploma grade,810000
21,Masters degree,1574000
26,Pre-degree college,1003000
27,Regular high school diploma,802000
3,Regular high school diploma,740000
31,Pre-degree college,875000
23,Bachelors degree,1079000
36,Regular high school diploma,893000
13,Bachelors degree,1350000
9,Masters degree,1444000
54,Pre-degree college,773000
22,Bachelors degree,979000
3,Bachelors degree,993000
15,GED or alternative credential,492000
19,Associates degree,1320000
12,Pre-diploma grade,672000
23,N/A,1225000
24,GED or alternative credential,704000
2,Pre-degree college,893000
5,Pre-degree college,1272000
90,Pre-degree college,683000
20,Masters degree,1398000
35,Regular high school diploma,970000
8,GED or alternative credential,751000
14,Pre-diploma grade,799000
5,Masters degree,1635000
2,Pre-diploma grade,666000
50,Masters degree,1072000
31,GED or alternative credential,973000
31,GED or alternative credential,778000
36,Pre-diploma grade,1308000
13,N/A,1278000
6,Pre-degree college,1126000
22,N/A,995000
13,N/A,1871000
14,GED or alternative credential,553000
11,Pre-degree college,1167000
75,Masters degree,895000
28,Bachelors degree,1411000
8,Pre-diploma grade,1012000
45,N/A,1025000
8,Pre-degree college,955000
22,Regular high school diploma,872000
26,Bachelors degree,1221000
18,Pre-degree college,950000
27,Associates degree,683000
4,Regular high school diploma,1293000
20,Pre-diploma grade,832000
4,Regular high school diploma,1434000
30,GED or alternative credential,983000
26,N/A,956000
21,N/A,874000
15,N/A,1068000
11,Bachelors degree,1628000
26,N/A,1016000
9,Associates degree,1076000
28,Masters degree,1171000
150,Bachelors degree,1244000
11,Masters degree,1269000
2,Regular high school diploma,1088000
5,Masters degree,1585000
8,Masters degree,1436000
9,Bachelors degree,1044000
30,GED or alternative credential,690000
4,Pre-degree college,814000
30,Bachelors degree,1058000
6,Bachelors degree,1133000
22,Regular high school diploma,875000
32,Bachelors degree,1008000
35,Masters degree,1653000
25,Regular high school diploma,1003000
40,Pre-degree college,1076000
20,N/A,894000
23,Associates degree,881000
21,N/A,1084000
11,Masters degree,1052000
20,Regular high school diploma,1119000
2,Masters degree,1409000
38,Bachelors degree,935000
14,Bachelors degree,1193000
15,Pre-diploma grade,671000
23,Pre-degree college,834000
9,N/A,1192000
11,Pre-degree college,1033000
13,Pre-degree college,804000
11,Pre-degree college,939000
13,GED or alternative credential,676000
20,Associates degree,773000
22,Associates degree,865000
14,Bachelors degree,1038000
32,GED or alternative credential,738000
6,Masters degree,1405000
22,Associates degree,1026000
6,GED or alternative credential,1131000
21,Regular high school diploma,990000
16,Regular high school diploma,761000
6,Associates degree,845000
6362998,Pre-degree college,0
7542684,Regular high school diploma,0
822609,Regular high school diploma,30000
52107,Masters degree,150000
852458,Regular high school diploma,15000
913063,Pre-diploma grade,2000
668367,Pre-degree college,8000
297306,Bachelors degree,48000
291477,Bachelors degree,25000
43375,N/A,40000
1681192,Associates degree,0
512811,Pre-diploma grade,5000
252574,Pre-degree college,89000
727814,Regular high school diploma,35000
216892,Masters degree,73000
21953,Pre-diploma grade,76000
901445,Pre-degree college,17000
681015,Pre-degree college,4000
615702,Regular high school diploma,4000
169004,Masters degree,23000
1155268,Regular high school diploma,17000
170078,GED or alternative credential,1000
739315,Regular high school diploma,3000
748200,Regular high school diploma,20000
828961,Regular high school diploma,8000
632519,Pre-degree college,15000
390635,Pre-diploma grade,19000
589759,Pre-diploma grade,6000
392877,Regular high school diploma,63000
9864,Pre-degree college,-1000
352187,Bachelors degree,65000
84025,Masters degree,110000
115270,Masters degree,122000
142205,Associates degree,89000
333287,Pre-diploma grade,29000
5775,Masters degree,399000
199081,Regular high school diploma,61000
206101,Associates degree,15000
621189,Pre-degree college,35000
118269,Masters degree,16000
144548,GED or alternative credential,18000
123537,GED or alternative credential,7000
831453,Pre-degree college,3000
186873,Bachelors degree,82000
170720,Associates degree,3000
2715,Associates degree,207000
667737,Pre-degree college,30000
138157,Bachelors degree,137000
123241,Bachelors degree,120000
263621,Masters degree,104000
245645,Masters degree,59000
553513,Pre-degree college,20000
115126,Pre-diploma grade,57000
146833,Masters degree,40000
51608,N/A,47000
420025,Pre-degree college,63000
193417,Masters degree,42000
54264,GED or alternative credential,53000
9927,Pre-diploma grade,101000
453464,Bachelors degree,33000
131339,Bachelors degree,136000
105364,N/A,9000
106250,Masters degree,109000
325275,Pre-diploma grade,28000
44030,N/A,104000
33785,N/A,70000
85587,N/A,16000
224286,Associates degree,63000
219545,Pre-diploma grade,41000
250926,Associates degree,35000
1503,Bachelors degree,515000
35218,Masters degree,138000
114390,Pre-diploma grade,50000
24673,N/A,49000
4689,Associates degree,228000
113798,Bachelors degree,98000
103700,Bachelors degree,171000
340525,Pre-diploma grade,26000
149850,Associates degree,4000
17673,N/A,109000
83722,N/A,23000
35631,Masters degree,165000
234645,Bachelors degree,94000
2122,Bachelors degree,476000
14416,Associates degree,146000
141232,Masters degree,34000
145262,GED or alternative credential,36000
180775,Associates degree,8000
386698,Bachelors degree,39000
225929,Masters degree,47000
76331,Bachelors degree,208000
103313,Pre-diploma grade,44000
2879,Masters degree,458000
241644,Associates degree,30000
23090,Masters degree,164000
45883,Bachelors degree,186000
4796,Bachelors degree,511000
212231,Pre-degree college,61000
182310,Masters degree,45000
105236,Masters degree,90000
52518,Pre-diploma grade,54000
94438,Masters degree,37000
113049,Masters degree,9000
115540,Bachelors degree,117000
67013,N/A,24000
296020,Associates degree,17000
2899,Masters degree,395000
53301,Pre-diploma grade,83000
48639,Bachelors degree,172000
751,Regular high school diploma,242000
45268,Pre-degree college,142000
48406,Bachelors degree,232000
134865,Masters degree,49000
84481,Masters degree,113000
58186,N/A,42000
26427,Regular high school diploma,142000
92188,Bachelors degree,151000
584,Bachelors degree,1080000
184694,Associates degree,20000
141272,Masters degree,24000
43251,GED or alternative credential,67000
228935,Masters degree,70000
3738,Bachelors degree,412000
5584,Masters degree,282000
107518,Associates degree,61000
21835,Associates degree,145000
383,Pre-degree college,601000
6712,Masters degree,603000
7512,N/A,127000
71781,GED or alternative credential,43000
208103,Regular high school diploma,89000
61816,Bachelors degree,188000
18033,Masters degree,185000
1909,Masters degree,435000
76451,Masters degree,105000
244928,Bachelors degree,74000
52213,Bachelors degree,140000
5725,Pre-degree college,220000
983,Associates degree,716000
658,Masters degree,693000
17544,Pre-degree college,166000
2820,Associates degree,179000
178,Pre-degree college,495000
740,Regular high school diploma,570000
44467,Pre-diploma grade,64000
790,Pre-degree college,357000
47127,N/A,45000
40335,N/A,59000
4015,Bachelors degree,493000
37936,Pre-diploma grade,75000
23019,Pre-degree college,129000
19566,Masters degree,187000
55186,Masters degree,182000
51875,N/A,34000
3774,Masters degree,309000
4656,Masters degree,642000
25332,Pre-diploma grade,91000
7008,Bachelors degree,236000
12378,Associates degree,129000
268,Associates degree,345000
6391,Bachelors degree,279000
20900,Masters degree,211000
7337,Bachelors degree,417000
19939,N/A,122000
29447,Pre-degree college,174000
14390,Pre-diploma grade,116000
15268,GED or alternative credential,93000
8962,Bachelors degree,292000
69628,Bachelors degree,162000
32101,N/A,73000
20564,Pre-diploma grade,87000
19913,Masters degree,190000
15186,Pre-diploma grade,111000
37670,Masters degree,144000
705,Regular high school diploma,467000
15935,N/A,88000
8377,N/A,237000
39819,Pre-degree college,145000
17474,N/A,90000
65,Pre-degree college,829000
8522,Pre-degree college,261000
25469,GED or alternative credential,80000
6513,Pre-diploma grade,115000
8755,Regular high school diploma,189000
15590,GED or alternative credential,86000
42376,Masters degree,127000
5094,Bachelors degree,405000
2758,Associates degree,220000
10116,N/A,150000
4245,N/A,211000
8066,Pre-degree college,179000
780,Masters degree,713000
13200,Bachelors degree,348000
7063,Pre-diploma grade,130000
3024,Bachelors degree,485000
20512,Bachelors degree,250000
846,Pre-degree college,427000
810,Masters degree,653000
24425,Regular high school diploma,145000
27022,Bachelors degree,219000
5157,Bachelors degree,264000
14433,N/A,113000
14604,Masters degree,262000
421,Masters degree,820000
105528,Masters degree,88000
45634,Masters degree,237000
5978,Bachelors degree,253000
9519,N/A,182000
7435,N/A,144000
11918,N/A,105000
3173,Masters degree,419000
4224,N/A,187000
13839,N/A,110000
1615,N/A,471000
5025,Bachelors degree,320000
10527,Bachelors degree,233000
23180,Associates degree,142000
3086,Bachelors degree,368000
7750,Pre-degree college,181000
2032,Bachelors degree,595000
28795,N/A,37000
8045,Regular high school diploma,155000
2188,Bachelors degree,611000
6164,Pre-degree college,207000
899,Masters degree,701000
3833,Pre-diploma grade,131000
2055,Regular high school diploma,220000
27302,GED or alternative credential,66000
1200,Bachelors degree,633000
18213,Regular high school diploma,146000
10846,Pre-degree college,155000
799,Associates degree,307000
750,Masters degree,685000
4919,N/A,164000
5702,Associates degree,155000
13460,Masters degree,222000
8101,Regular high school diploma,228000
2763,Associates degree,-1000
1422,Pre-diploma grade,-6000
1436,Masters degree,573000
19623,Masters degree,170000
587,GED or alternative credential,176000
77,N/A,628000
582,Pre-diploma grade,214000
21496,Pre-degree college,141000
28604,Pre-degree college,146000
11922,Pre-degree college,228000
1508,Masters degree,411000
3630,Masters degree,316000
1299,Masters degree,623000
9410,Masters degree,319000
10807,Associates degree,141000
2520,Masters degree,305000
14409,Associates degree,174000
7250,Associates degree,189000
10212,Pre-degree college,194000
18799,Regular high school diploma,174000
4025,Masters degree,473000
1508,Masters degree,649000
865,Associates degree,276000
10050,Associates degree,166000
3573,Regular high school diploma,179000
3319,GED or alternative credential,119000
758,N/A,489000
1919,Masters degree,513000
12549,GED or alternative credential,100000
3658,Associates degree,194000
1863,Regular high school diploma,218000
1436,Bachelors degree,363000
780,Regular high school diploma,506000
11132,Regular high school diploma,141000
788,Masters degree,743000
4430,Bachelors degree,771000
5424,Masters degree,489000
2061,Masters degree,509000
895,GED or alternative credential,173000
2367,Associates degree,206000
1166,N/A,496000
1355,Pre-degree college,362000
997,Regular high school diploma,307000
10565,Bachelors degree,355000
1062,N/A,754000
288,Masters degree,864000
1913,Masters degree,403000
2324,Pre-degree college,246000
1107,Pre-degree college,469000
14400,Pre-degree college,189000
11879,Regular high school diploma,166000
1069,Pre-degree college,346000
435,GED or alternative credential,313000
7293,N/A,165000
871,Masters degree,636000
5636,Pre-diploma grade,134000
3158,Bachelors degree,514000
4652,Bachelors degree,617000
268,Regular high school diploma,555000
417,Pre-diploma grade,401000
6129,N/A,138000
6937,Masters degree,471000
827,Pre-diploma grade,414000
3703,Bachelors degree,338000
14621,Pre-diploma grade,99000
3537,N/A,185000
7984,Pre-degree college,278000
2293,Pre-degree college,-7000
5624,Bachelors degree,559000
5075,Pre-diploma grade,148000
1770,GED or alternative credential,132000
6044,Pre-degree college,206000
821,Pre-degree college,452000
5438,Masters degree,332000
2537,Masters degree,382000
384,N/A,430000
530,GED or alternative credential,229000
833,N/A,603000
1363,Associates degree,230000
10002,Masters degree,-2000
14474,Regular high school diploma,129000
260,N/A,539000
247,Bachelors degree,978000
5801,Masters degree,254000
3292,Associates degree,181000
3916,N/A,190000
1297,Pre-diploma grade,195000
671,Regular high school diploma,358000
1627,Pre-degree college,716000
2806,Bachelors degree,466000
328,N/A,701000
680,Pre-degree college,503000
13800,Pre-diploma grade,84000
649,Regular high school diploma,486000
2025,Bachelors degree,612000
3787,Regular high school diploma,278000
1305,Pre-degree college,467000
755,Pre-degree college,393000
1337,Associates degree,560000
1997,Bachelors degree,697000
860,N/A,335000
1238,Bachelors degree,588000
677,Pre-diploma grade,300000
2029,Masters degree,618000
19337,Pre-diploma grade,79000
4529,Regular high school diploma,181000
2073,Regular high school diploma,560000
3022,Masters degree,380000
1585,Bachelors degree,532000
1113,Associates degree,-7000
308,Associates degree,416000
9902,Masters degree,754000
556,Regular high school diploma,393000
3254,Masters degree,335000
5068,Bachelors degree,497000
944,Regular high school diploma,311000
1142,Pre-degree college,311000
3642,Bachelors degree,527000
1319,Bachelors degree,574000
1619,Pre-diploma grade,163000
7430,Masters degree,306000
950,Regular high school diploma,301000
2451,Masters degree,404000
50,GED or alternative credential,643000
1187,Masters degree,735000
374,Masters degree,818000
3212,N/A,-2000
1999,Masters degree,-8000
2503,Masters degree,434000
643,Bachelors degree,585000
4283,Pre-degree college,245000
6228,Masters degree,496000
1235,Pre-degree college,506000
469,Bachelors degree,788000
2004,Pre-degree college,289000
626,Regular high school diploma,448000
773,N/A,361000
482,Bachelors degree,790000
299,Pre-diploma grade,-5000
1405,N/A,332000
1567,Bachelors degree,604000
2715,Masters degree,602000
737,Bachelors degree,677000
959,Associates degree,242000
124,Bachelors degree,858000
325,Masters degree,859000
2861,GED or alternative credential,123000
653,N/A,419000
4784,GED or alternative credential,128000
1131,Associates degree,216000
3179,Regular high school diploma,206000
1793,Regular high school diploma,245000
416,Associates degree,506000
193,N/A,623000
770,Regular high school diploma,716000
4081,Regular high school diploma,207000
5893,Masters degree,522000
971,Regular high school diploma,469000
638,N/A,434000
2796,N/A,262000
4277,N/A,170000
4438,Masters degree,361000
181,Masters degree,888000
198,Associates degree,543000
4311,Regular high school diploma,194000
8983,Bachelors degree,271000
1848,Bachelors degree,378000
387,Associates degree,358000
244,Bachelors degree,835000
3644,Bachelors degree,328000
5363,Bachelors degree,464000
3237,Pre-degree college,560000
2182,N/A,319000
4577,Regular high school diploma,261000
382,Pre-degree college,543000
1383,Masters degree,608000
614,Masters degree,796000
3354,Pre-degree college,216000
798,Regular high school diploma,346000
2144,Pre-degree college,302000
477,Masters degree,769000
433,Bachelors degree,785000
1491,Pre-degree college,276000
1045,Pre-degree college,293000
685,Masters degree,634000
442,Associates degree,318000
2523,Masters degree,501000
393,Masters degree,919000
6869,Regular high school diploma,-1000
527,N/A,642000
104,Masters degree,964000
668,Regular high school diploma,503000
1740,Masters degree,650000
489,Regular high school diploma,427000
87,GED or alternative credential,331000
276,Pre-diploma grade,287000
387,Bachelors degree,639000
1182,GED or alternative credential,177000
651,Associates degree,289000
1562,Masters degree,709000
3265,Pre-degree college,249000
114,N/A,1156000
220,Bachelors degree,926000
83,Pre-degree college,873000
228,N/A,608000
795,N/A,399000
2258,Pre-diploma grade,147000
1205,Pre-degree college,321000
433,GED or alternative credential,215000
1785,Regular high school diploma,249000
806,Masters degree,744000
3029,GED or alternative credential,121000
1381,Masters degree,614000
1282,Pre-degree college,301000
981,Masters degree,711000
2180,Masters degree,539000
694,Regular high school diploma,381000
4685,Bachelors degree,520000
2620,Pre-degree college,230000
1694,Regular high school diploma,216000
671,GED or alternative credential,169000
413,Associates degree,346000
163,GED or alternative credential,323000
1891,Masters degree,545000
152,Pre-degree college,661000
1003,N/A,309000
1216,N/A,306000
1792,Regular high school diploma,302000
415,Regular high school diploma,483000
1889,Masters degree,472000
541,N/A,602000
4239,Pre-degree college,234000
177,Masters degree,867000
204,Pre-diploma grade,267000
1929,Bachelors degree,426000
557,Pre-degree college,459000
460,Masters degree,752000
1564,Associates degree,245000
23,GED or alternative credential,571000
2718,N/A,222000
1996,Masters degree,581000
4325,Associates degree,261000
639,N/A,458000
403,Pre-degree college,453000
932,Pre-degree college,486000
137,Associates degree,495000
576,Regular high school diploma,345000
344,Associates degree,730000
584,Pre-degree college,448000
1226,Regular high school diploma,246000
1599,Regular high school diploma,234000
302,Pre-degree college,529000
2094,Masters degree,556000
382,N/A,305000
125,Associates degree,582000
143,N/A,746000
593,Pre-degree college,456000
1159,Associates degree,218000
1675,Masters degree,413000
36,GED or alternative credential,421000
1200,Pre-diploma grade,213000
99,GED or alternative credential,303000
41,GED or alternative credential,270000
1872,Regular high school diploma,-7000
1594,Bachelors degree,530000
347,Associates degree,601000
570,Pre-degree college,416000
2277,Masters degree,430000
2212,Pre-degree college,242000
48,Pre-degree college,779000
764,Regular high school diploma,321000
127,Pre-diploma grade,751000
206,N/A,685000
183,N/A,614000
3334,Associates degree,278000
65,Regular high school diploma,760000
348,Associates degree,357000
242,Associates degree,480000
121,Regular high school diploma,728000
407,Regular high school diploma,362000
630,Regular high school diploma,431000
74,GED or alternative credential,241000
1627,Pre-diploma grade,153000
2927,Masters degree,598000
698,N/A,395000
269,Pre-diploma grade,546000
835,Regular high school diploma,318000
503,Pre-degree college,534000
1465,Regular high school diploma,276000
799,N/A,282000
479,Pre-degree college,381000
909,Associates degree,302000
698,Masters degree,628000
844,Pre-degree college,483000
60,Pre-diploma grade,659000
128,Pre-diploma grade,337000
523,Pre-diploma grade,449000
149,Regular high school diploma,456000
2720,Pre-degree college,218000
357,Associates degree,362000
128,N/A,711000
388,GED or alternative credential,191000
82,N/A,796000
754,Regular high school diploma,293000
247,N/A,509000
920,GED or alternative credential,205000
391,Associates degree,293000
778,Pre-degree college,345000
618,Pre-diploma grade,217000
1148,GED or alternative credential,180000
949,Pre-degree college,318000
291,GED or alternative credential,439000
1059,Bachelors degree,587000
389,Pre-diploma grade,441000
29,Pre-diploma grade,641000
1107,Masters degree,597000
209,N/A,581000
889,Bachelors degree,657000
1155,N/A,254000
458,Pre-degree college,582000
30,Masters degree,1270000
496,Regular high school diploma,459000
70,Associates degree,586000
535,Bachelors degree,768000
413,N/A,435000
484,Pre-diploma grade,202000
1530,Regular high school diploma,230000
810,Pre-diploma grade,201000
416,N/A,545000
212,Bachelors degree,781000
352,Pre-diploma grade,468000
13,Masters degree,1158000
2077,Associates degree,234000
172,Associates degree,570000
121,GED or alternative credential,372000
22,Masters degree,1137000
253,N/A,403000
468,Masters degree,774000
734,Associates degree,246000
418,N/A,404000
1223,Associates degree,249000
670,Pre-degree college,358000
589,N/A,-8000
420,Pre-diploma grade,350000
281,N/A,573000
781,Pre-diploma grade,285000
504,Bachelors degree,848000
93,GED or alternative credential,322000
92,Bachelors degree,1002000
265,Pre-degree college,555000
608,Bachelors degree,791000
989,N/A,522000
22,Masters degree,1005000
1069,Bachelors degree,518000
269,N/A,556000
160,Masters degree,745000
299,Pre-diploma grade,365000
669,Bachelors degree,626000
1702,Bachelors degree,369000
118,Pre-degree college,703000
680,Regular high school diploma,357000
68,N/A,693000
231,Pre-diploma grade,400000
289,Pre-diploma grade,373000
299,Associates degree,486000
19,Pre-diploma grade,624000
1157,Regular high school diploma,289000
305,Pre-diploma grade,377000
14,Masters degree,1141000
353,Pre-degree college,606000
416,Pre-degree college,593000
173,Pre-diploma grade,310000
155,N/A,634000
674,Bachelors degree,772000
144,Masters degree,1166000
317,Associates degree,393000
148,Pre-diploma grade,295000
54,GED or alternative credential,391000
395,Associates degree,427000
203,Regular high school diploma,739000
885,Bachelors degree,675000
155,Bachelors degree,986000
734,Bachelors degree,629000
253,Pre-diploma grade,343000
18,Pre-degree college,694000
284,Masters degree,882000
355,Regular high school diploma,534000
7,Masters degree,1563000
587,Pre-degree college,480000
295,Masters degree,807000
235,Associates degree,453000
504,Bachelors degree,1087000
403,N/A,513000
115,Pre-diploma grade,477000
14,Associates degree,739000
198,Pre-diploma grade,275000
46,GED or alternative credential,1010000
36,Pre-degree college,1036000
522,Bachelors degree,619000
27,Masters degree,1373000
550,Bachelors degree,689000
231,Pre-diploma grade,314000
476,Regular high school diploma,480000
421,N/A,413000
307,Associates degree,321000
1111,Bachelors degree,536000
223,Regular high school diploma,495000
487,Associates degree,467000
154,N/A,649000
412,N/A,472000
730,Pre-degree college,431000
252,Associates degree,381000
34,N/A,1503000
468,Pre-diploma grade,204000
275,Pre-degree college,586000
468,Bachelors degree,757000
21,Pre-diploma grade,553000
20,N/A,807000
165,Pre-degree college,749000
131,Bachelors degree,985000
59,Regular high school diploma,661000
302,Regular high school diploma,416000
204,Masters degree,1023000
174,Pre-diploma grade,394000
389,N/A,501000
211,Pre-degree college,730000
117,Pre-diploma grade,484000
13,N/A,1166000
40,Pre-degree college,900000
61,N/A,636000
440,Regular high school diploma,452000
32,GED or alternative credential,1114000
155,Associates degree,534000
708,Masters degree,841000
41,Pre-diploma grade,699000
443,Pre-diploma grade,558000
44,GED or alternative credential,672000
28,Regular high school diploma,963000
113,Pre-diploma grade,738000
548,Bachelors degree,630000
699,N/A,316000
467,Associates degree,301000
275,Pre-diploma grade,240000
454,Associates degree,311000
259,Masters degree,945000
112,GED or alternative credential,538000
1099,N/A,473000
7,Masters degree,1055000
116,Pre-diploma grade,507000
46,Masters degree,1004000
9,N/A,953000
267,Regular high school diploma,543000
599,Bachelors degree,715000
193,GED or alternative credential,540000
1407,Pre-degree college,307000
32,Masters degree,1352000
108,Bachelors degree,821000
143,Bachelors degree,763000
29,N/A,882000
422,Bachelors degree,813000
351,Bachelors degree,891000
19,Associates degree,829000
452,Masters degree,746000
20,Masters degree,1154000
149,Pre-diploma grade,461000
700,N/A,380000
59,GED or alternative credential,455000
183,Bachelors degree,879000
508,Bachelors degree,861000
26,Masters degree,1393000
165,Pre-diploma grade,268000
154,Pre-diploma grade,510000
48,Pre-degree college,651000
433,Pre-diploma grade,440000
123,Pre-diploma grade,336000
77,Pre-diploma grade,457000
177,Masters degree,913000
10,Regular high school diploma,1283000
170,Masters degree,953000
183,Pre-diploma grade,516000
49,Pre-diploma grade,517000
73,GED or alternative credential,315000
76,N/A,864000
372,Masters degree,1156000
145,Regular high school diploma,606000
63,Regular high school diploma,819000
10,Associates degree,767000
134,Masters degree,838000
30,Masters degree,984000
334,N/A,709000
102,GED or alternative credential,397000
101,Bachelors degree,968000
156,GED or alternative credential,500000
165,Bachelors degree,866000
25,GED or alternative credential,702000
574,Regular high school diploma,582000
3,Associates degree,750000
463,Pre-diploma grade,224000
40,Bachelors degree,1289000
108,GED or alternative credential,344000
161,N/A,745000
255,Associates degree,459000
175,Pre-degree college,680000
321,Regular high school diploma,730000
128,Bachelors degree,1065000
19,GED or alternative credential,705000
88,Pre-degree college,892000
61,Regular high school diploma,795000
109,Masters degree,912000
330,Bachelors degree,682000
250,Pre-diploma grade,644000
222,Regular high school diploma,453000
35,Bachelors degree,1218000
38,Associates degree,529000
123,Pre-diploma grade,330000
81,Pre-diploma grade,465000
31,GED or alternative credential,666000
426,N/A,598000
27,N/A,1349000
209,Regular high school diploma,593000
20,Pre-diploma grade,635000
87,Regular high school diploma,779000
106,GED or alternative credential,238000
227,Pre-diploma grade,429000
29,N/A,769000
19,Pre-diploma grade,387000
700,Pre-degree college,570000
130,Bachelors degree,930000
20,Masters degree,1328000
32,Pre-diploma grade,787000
251,Associates degree,483000
63,N/A,1019000
178,N/A,618000
353,GED or alternative credential,698000
96,Pre-diploma grade,482000
333,Bachelors degree,928000
78,N/A,940000
118,Masters degree,908000
343,N/A,653000
231,N/A,945000
357,Masters degree,871000
241,Regular high school diploma,601000
108,GED or alternative credential,645000
21,N/A,1129000
60,N/A,744000
27,Regular high school diploma,892000
124,GED or alternative credential,353000
126,GED or alternative credential,324000
66,Bachelors degree,1078000
119,Pre-diploma grade,488000
72,Regular high school diploma,749000
408,N/A,382000
92,Regular high school diploma,764000
219,N/A,597000
4,Regular high school diploma,849000
292,GED or alternative credential,255000
6,Bachelors degree,1086000
145,GED or alternative credential,340000
202,Pre-diploma grade,521000
10,Masters degree,1487000
3,Masters degree,1889000
21,N/A,989000
14,Masters degree,903000
133,GED or alternative credential,504000
8,Bachelors degree,1234000
117,GED or alternative credential,398000
93,N/A,859000
108,Bachelors degree,925000
34,Pre-degree college,959000
40,Bachelors degree,904000
150,Bachelors degree,854000
25,Regular high school diploma,829000
189,Associates degree,503000
72,N/A,1023000
119,Pre-degree college,750000
80,Pre-diploma grade,660000
224,Associates degree,431000
49,Regular high school diploma,-12000
22,Bachelors degree,1292000
129,Pre-diploma grade,793000
42,N/A,919000
134,N/A,752000
77,Pre-diploma grade,470000
226,Associates degree,448000
411,Associates degree,469000
46,Regular high school diploma,651000
50,Associates degree,680000
232,Pre-diploma grade,283000
107,Regular high school diploma,529000
30,Pre-degree college,1386000
165,N/A,650000
198,GED or alternative credential,257000
53,GED or alternative credential,609000
94,Bachelors degree,812000
73,Masters degree,883000
25,Pre-degree college,910000
45,Pre-degree college,806000
7,Bachelors degree,932000
6,Regular high school diploma,961000
1,Regular high school diploma,1597000
15,Masters degree,1285000
121,N/A,743000
58,Pre-degree college,805000
72,Pre-diploma grade,423000
16,GED or alternative credential,954000
19,Masters degree,1205000
55,Bachelors degree,1329000
46,Pre-diploma grade,519000
59,Regular high school diploma,767000
27,Associates degree,906000
26,Associates degree,805000
20,Pre-diploma grade,983000
148,N/A,713000
50,Pre-diploma grade,679000
96,Pre-diploma grade,552000
122,Pre-diploma grade,454000
17,Pre-diploma grade,616000
34,Regular high school diploma,880000
76,GED or alternative credential,280000
81,GED or alternative credential,339000
57,N/A,841000
244,Pre-diploma grade,462000
256,Masters degree,940000
9,GED or alternative credential,478000
11,Masters degree,1232000
357,GED or alternative credential,542000
20,Associates degree,760000
289,Bachelors degree,987000
10,Pre-degree college,833000
32,Masters degree,1253000
39,GED or alternative credential,946000
176,GED or alternative credential,463000
63,Pre-degree college,797000
56,Pre-diploma grade,492000
41,Pre-diploma grade,596000
18,Pre-diploma grade,359000
121,Masters degree,1275000
36,Regular high school diploma,680000
12,Pre-diploma grade,980000
313,N/A,411000
115,Masters degree,1091000
12,Bachelors degree,1011000
42,Bachelors degree,1315000
5,Regular high school diploma,1226000
33,GED or alternative credential,832000
49,Pre-degree college,795000
98,N/A,774000
5,GED or alternative credential,668000
14,Pre-diploma grade,973000
27,Masters degree,1043000
11,GED or alternative credential,424000
107,Regular high school diploma,586000
48,Pre-degree college,767000
12,Pre-degree college,1180000
15,Regular high school diploma,863000
23,Pre-diploma grade,914000
10,Pre-degree college,1007000
2,Bachelors degree,1650000
44,Bachelors degree,1165000
59,Masters degree,989000
10,Associates degree,728000
14,N/A,1055000
46,N/A,820000
9,N/A,908000
13,Masters degree,1595000
31,GED or alternative credential,325000
67,Masters degree,965000
54,N/A,913000
57,Associates degree,555000
68,GED or alternative credential,438000
18,Bachelors degree,1743000
29,Masters degree,962000
11,Associates degree,712000
52,Regular high school diploma,826000
16,Associates degree,694000
79,Associates degree,452000
11,Associates degree,900000
12,N/A,818000
42,Pre-degree college,1027000
160,Associates degree,456000
26,Bachelors degree,1282000
51,GED or alternative credential,-10000
42,Pre-diploma grade,557000
67,Associates degree,703000
100,Masters degree,933000
17,Pre-degree college,739000
10,Pre-degree college,1266000
48,Masters degree,1252000
110,Bachelors degree,1276000
24,Pre-degree college,863000
57,Regular high school diploma,1040000
16,Pre-degree college,1111000
3,Regular high school diploma,805000
17,Associates degree,920000
6,Regular high school diploma,1116000
7,Regular high school diploma,1291000
57,Pre-diploma grade,817000
8,Associates degree,1039000
30,Pre-diploma grade,770000
33,Bachelors degree,1006000
11,N/A,883000
5,Bachelors degree,1586000
26,Regular high school diploma,1180000
2,Regular high school diploma,1364000
49,Pre-diploma grade,777000
66,Pre-degree college,728000
81,GED or alternative credential,367000
6,Associates degree,1120000
44,Regular high school diploma,703000
11,Bachelors degree,1359000
14,Pre-degree college,1040000
28,Bachelors degree,1261000
65,Associates degree,651000
23,Pre-diploma grade,727000
20,Regular high school diploma,833000
54,Pre-degree college,-12000
13,N/A,1297000
15,Pre-diploma grade,721000
41,Masters degree,1457000
8,Associates degree,873000
7,N/A,984000
18,Masters degree,1228000
34,Pre-degree college,819000
25,GED or alternative credential,490000
15,Masters degree,1132000
42,Bachelors degree,943000
20,Pre-degree college,1291000
34,GED or alternative credential,-11000
94,GED or alternative credential,384000
41,Masters degree,1217000
11,N/A,1005000
27,Associates degree,1226000
97,Bachelors degree,924000
18,Masters degree,1019000
115,Pre-degree college,760000
64,N/A,735000
16,Associates degree,959000
13,Associates degree,1061000
37,GED or alternative credential,481000
79,Pre-diploma grade,526000
19,Regular high school diploma,1013000
6,Pre-degree college,1290000
13,Bachelors degree,1212000
34,Associates degree,789000
19,Regular high school diploma,1113000
69,Associates degree,779000
38,Masters degree,1203000
33,Associates degree,661000
4,Associates degree,863000
28,Masters degree,1297000
80,Bachelors degree,1029000
5,N/A,1232000
48,Pre-diploma grade,610000
16,Regular high school diploma,900000
2,Pre-degree college,1120000
13,N/A,871000
9,GED or alternative credential,799000
10,N/A,1422000
18,Masters degree,1143000
55,Pre-degree college,849000
48,Masters degree,1094000
13,Bachelors degree,1115000
7,Associates degree,-12000
29,Pre-diploma grade,690000
12,Pre-degree college,1151000
12,Regular high school diploma,966000
14,Masters degree,1109000
52,Pre-degree college,826000
12,Pre-diploma grade,801000
17,Masters degree,1395000
21,N/A,838000
7,Regular high school diploma,806000
38,Masters degree,1129000
18,Bachelors degree,1440000
21,Regular high school diploma,1054000
11,Associates degree,764000
8,Masters degree,1037000
38,Bachelors degree,1298000
18,Bachelors degree,1312000
12,N/A,933000
6,Associates degree,999000
35,Masters degree,1089000
3,Bachelors degree,958000
24,Pre-diploma grade,907000
14,Pre-diploma grade,822000
11,Pre-degree college,988000
33,Regular high school diploma,873000
12,Pre-diploma grade,972000
3,Pre-diploma grade,762000
17,Associates degree,966000
16,Pre-degree college,1061000
19,GED or alternative credential,652000
12,Masters degree,1130000
48,N/A,1043000
36,Masters degree,1334000
70,Associates degree,833000
30,Pre-diploma grade,723000
27,GED or alternative credential,792000
18,Masters degree,1539000
16,Associates degree,795000
17,Bachelors degree,1083000
285357,GED or alternative credential,11000
277110,Bachelors degree,111000
40998,Regular high school diploma,102000
234496,Bachelors degree,99000
171882,Bachelors degree,84000
62285,N/A,27000
153724,Bachelors degree,130000
168022,Associates degree,71000
127602,Bachelors degree,148000
186470,Bachelors degree,79000
431830,Pre-degree college,58000
388080,Pre-degree college,51000
273108,Associates degree,52000
442333,Bachelors degree,29000
836570,Regular high school diploma,22000
36387,Pre-degree college,112000
269409,Bachelors degree,91000
377813,Bachelors degree,2000
169301,Regular high school diploma,81000
161402,Masters degree,21000
165139,Masters degree,125000
1189816,Regular high school diploma,10000
559968,Pre-degree college,52000
332416,Bachelors degree,19000
135131,Masters degree,13000
70464,GED or alternative credential,56000
233952,Regular high school diploma,60000
593334,Bachelors degree,57000
284826,Masters degree,68000
421054,Regular high school diploma,58000
309106,Bachelors degree,5000
1502,Pre-degree college,418000
134843,N/A,13000
249568,Bachelors degree,54000
58125,Associates degree,85000
907,GED or alternative credential,184000
60875,Pre-degree college,102000
404365,Bachelors degree,26000
132197,Masters degree,62000
382299,Regular high school diploma,51000
142414,Masters degree,27000
74142,N/A,31000
410133,Bachelors degree,6000
333648,Bachelors degree,75000
107478,N/A,12000
56877,Associates degree,97000
254455,Bachelors degree,87000
16002,Associates degree,133000
272298,Pre-diploma grade,33000
299964,Bachelors degree,64000
97934,Pre-degree college,107000
3186,Bachelors degree,461000
271500,Masters degree,78000
9715,Pre-degree college,-3000
74968,Regular high school diploma,97000
26569,N/A,72000
64897,Regular high school diploma,92000
30055,Bachelors degree,163000
1112,GED or alternative credential,158000
138163,Bachelors degree,134000
24545,Masters degree,159000
194267,Masters degree,72000
95605,Associates degree,77000
174797,Pre-diploma grade,39000
317537,Bachelors degree,44000
633875,Pre-degree college,22000
260515,Pre-diploma grade,25000
212078,Associates degree,58000
4798,Pre-diploma grade,117000
464846,Bachelors degree,50000
587694,Regular high school diploma,52000
156123,Bachelors degree,115000
174939,Bachelors degree,101000
31150,N/A,125000
6861,Pre-degree college,193000
96867,Masters degree,106000
126734,Masters degree,12000
430976,Bachelors degree,28000
8821,Pre-degree college,175000
249558,Bachelors degree,116000
806756,Pre-degree college,10000
522411,Bachelors degree,41000
167207,Masters degree,31000
255184,Pre-degree college,60000
106951,Pre-degree college,97000
3721,Pre-degree college,226000
550506,Bachelors degree,83000
16314,Pre-degree college,157000
104514,Pre-degree college,85000
10407,Bachelors degree,365000
221952,Associates degree,22000
275078,Regular high school diploma,71000
234528,Masters degree,46000
119764,Masters degree,69000
186624,Bachelors degree,76000
35207,Masters degree,168000
201804,GED or alternative credential,14000
93019,N/A,21000
4285,Pre-diploma grade,136000
87651,GED or alternative credential,38000
31758,Bachelors degree,213000
2038,N/A,669000
3859,Masters degree,385000
19690,N/A,62000
147632,Masters degree,118000
204504,Pre-degree college,81000
32945,N/A,114000
43116,Bachelors degree,147000
10879,Masters degree,274000
186526,Masters degree,114000
117462,Associates degree,81000
6793,Associates degree,157000
179284,Pre-degree college,77000
227933,Associates degree,10000
144027,Regular high school diploma,77000
42546,Regular high school diploma,108000
55986,Associates degree,107000
15465,Associates degree,178000
4588,Masters degree,460000
1070,Pre-degree college,396000
85515,Bachelors degree,131000
118,N/A,678000
307199,Pre-degree college,71000
67685,Regular high school diploma,107000
31263,Pre-degree college,133000
41296,N/A,78000
89175,GED or alternative credential,32000
26417,Bachelors degree,217000
33483,GED or alternative credential,55000
5599,Bachelors degree,275000
31579,Associates degree,139000
9516,Bachelors degree,644000
16756,Bachelors degree,240000
26373,N/A,118000
896,Regular high school diploma,568000
28867,Bachelors degree,201000
127465,Associates degree,60000
60588,Pre-degree college,108000
80272,Masters degree,154000
14694,N/A,154000
19248,GED or alternative credential,95000
51876,Pre-diploma grade,65000
2828,Associates degree,212000
84845,Regular high school diploma,85000
4366,Masters degree,562000
38272,Masters degree,135000
2200,Associates degree,199000
25457,Regular high school diploma,112000
36701,Masters degree,161000
7512,Masters degree,491000
17105,Masters degree,196000
180056,Associates degree,51000
33484,Associates degree,102000
7831,Bachelors degree,314000
1755,Masters degree,663000
52973,N/A,46000
33188,Pre-degree college,178000
6716,Masters degree,258000
47236,Masters degree,126000
46432,Bachelors degree,195000
17298,Pre-diploma grade,82000
16634,Bachelors degree,214000
7362,GED or alternative credential,96000
6950,Masters degree,312000
3840,GED or alternative credential,167000
76407,Pre-diploma grade,48000
12926,Masters degree,284000
13652,Bachelors degree,224000
14519,N/A,106000
42509,N/A,68000
13767,Pre-degree college,223000
59502,Pre-degree college,139000
8,Masters degree,1489000
6207,Regular high school diploma,152000
16926,Pre-diploma grade,94000
3981,Masters degree,445000
16839,Regular high school diploma,133000
11738,Masters degree,231000
2834,Bachelors degree,429000
564,N/A,445000
772,Bachelors degree,674000
3120,N/A,235000
1509,Bachelors degree,641000
2201,Masters degree,392000
1179,Masters degree,533000
95,Pre-degree college,758000
5245,Pre-diploma grade,120000
37337,Associates degree,108000
39729,Regular high school diploma,139000
5167,Masters degree,326000
1378,Pre-degree college,308000
5851,Masters degree,248000
4797,GED or alternative credential,156000
89372,Pre-degree college,92000
4612,Bachelors degree,546000
49236,Associates degree,92000
5136,Masters degree,632000
4075,Bachelors degree,300000
146,GED or alternative credential,366000
1807,Bachelors degree,516000
9774,GED or alternative credential,103000
274,Regular high school diploma,594000
4281,Regular high school diploma,197000
3527,Masters degree,592000
3263,Bachelors degree,400000
10541,Masters degree,221000
4533,Pre-degree college,290000
29150,Pre-diploma grade,74000
8398,Regular high school diploma,157000
8106,Bachelors degree,268000
3517,Bachelors degree,373000
2901,Bachelors degree,414000
3855,N/A,225000
4722,Associates degree,152000
882,Associates degree,383000
3666,Masters degree,360000
7404,Regular high school diploma,223000
8820,Masters degree,564000
4320,Associates degree,197000
5943,Regular high school diploma,-3000
2498,Bachelors degree,699000
2430,Bachelors degree,454000
1822,Pre-degree college,272000
4497,N/A,196000
537,Associates degree,436000
4962,Masters degree,541000
2471,Masters degree,590000
452,Associates degree,371000
19117,Associates degree,112000
2138,N/A,221000
12341,Masters degree,544000
209,Regular high school diploma,627000
17344,Bachelors degree,267000
2957,Regular high school diploma,290000
15979,Bachelors degree,202000
2075,Masters degree,548000
10693,Masters degree,554000
176,Bachelors degree,844000
4264,Bachelors degree,558000
1597,Regular high school diploma,407000
17011,Bachelors degree,204000
19334,Masters degree,225000
58,Pre-degree college,691000
8734,N/A,126000
7877,Pre-diploma grade,98000
915,Associates degree,443000
685,Regular high school diploma,349000
18843,Masters degree,235000
519,Regular high school diploma,402000
6857,Masters degree,269000
1349,Regular high school diploma,263000
3360,Pre-degree college,239000
213,Bachelors degree,815000
38946,Bachelors degree,153000
4921,Bachelors degree,793000
18420,Regular high school diploma,178000
5043,Masters degree,288000
4472,Regular high school diploma,175000
911,Associates degree,272000
1072,Masters degree,783000
639,Masters degree,765000
2221,GED or alternative credential,143000
22593,Bachelors degree,285000
1961,N/A,248000
62,Masters degree,1000000
4725,Bachelors degree,295000
734,Masters degree,725000
3458,Bachelors degree,-6000
2553,Bachelors degree,738000
16012,N/A,69000
1036,Masters degree,811000
5992,Associates degree,223000
11111,Pre-degree college,152000
660,Masters degree,740000
674,Bachelors degree,721000
994,Pre-degree college,327000
5916,Pre-diploma grade,137000
9322,Bachelors degree,287000
7463,N/A,135000
3480,Bachelors degree,462000
6186,Pre-degree college,212000
4582,Bachelors degree,488000
2451,Regular high school diploma,226000
11695,Masters degree,669000
294,Masters degree,855000
1241,Pre-degree college,499000
365,Bachelors degree,770000
1386,Regular high school diploma,266000
368,Associates degree,327000
1231,Pre-diploma grade,232000
4351,Masters degree,379000
3314,Bachelors degree,401000
9607,Pre-degree college,197000
874,GED or alternative credential,198000
2813,Bachelors degree,440000
579,Pre-degree college,408000
3573,Masters degree,451000
229,Pre-diploma grade,264000
360,Pre-diploma grade,466000
163,Pre-diploma grade,368000
489,Pre-degree college,432000
3229,Bachelors degree,510000
1318,Bachelors degree,557000
3751,Masters degree,437000
1125,Pre-degree college,354000
4330,Bachelors degree,441000
614,Pre-degree college,450000
6025,Masters degree,474000
1480,Regular high school diploma,243000
777,Pre-degree college,386000
772,Bachelors degree,616000
5570,N/A,159000
1413,Masters degree,579000
1663,Bachelors degree,569000
3196,Bachelors degree,519000
437,Pre-degree college,567000
31,Pre-diploma grade,639000
3717,Regular high school diploma,193000
2019,N/A,544000
2794,GED or alternative credential,124000
3392,Pre-diploma grade,171000
1144,Regular high school diploma,304000
2863,Bachelors degree,377000
4281,Masters degree,550000
4023,Bachelors degree,521000
1106,Pre-degree college,415000
417,Associates degree,388000
193,GED or alternative credential,259000
2404,N/A,231000
1096,Regular high school diploma,396000
282,Pre-diploma grade,405000
1185,Pre-degree college,304000
7746,N/A,168000
2106,Bachelors degree,423000
4161,Pre-degree college,199000
1544,Masters degree,655000
66,Regular high school diploma,654000
263,Pre-diploma grade,612000
3290,Bachelors degree,350000
2012,N/A,274000
3384,Regular high school diploma,212000
1778,Masters degree,528000
1764,Pre-diploma grade,208000
7881,N/A,161000
2465,Pre-degree college,243000
2330,Bachelors degree,468000
4624,Bachelors degree,552000
2075,Bachelors degree,337000
7218,Masters degree,252000
3885,Masters degree,317000
1391,Pre-degree college,273000
93,Regular high school diploma,714000
1664,Pre-diploma grade,188000
152,Regular high school diploma,537000
900,N/A,288000
434,Associates degree,428000
1937,Bachelors degree,517000
319,Pre-degree college,594000
1723,Bachelors degree,727000
716,N/A,444000
3896,Bachelors degree,343000
47,Masters degree,1182000
601,Masters degree,809000
117,Regular high school diploma,780000
586,GED or alternative credential,192000
1078,Masters degree,850000
3727,Masters degree,551000
1717,Masters degree,531000
1341,Pre-degree college,263000
573,Associates degree,418000
2397,Bachelors degree,482000
485,Bachelors degree,983000
172,GED or alternative credential,265000
1552,Bachelors degree,492000
1359,Associates degree,239000
1172,Pre-degree college,349000
1768,N/A,252000
2391,Pre-diploma grade,162000
2422,Regular high school diploma,199000
347,Pre-diploma grade,412000
259,Pre-degree college,600000
1567,Regular high school diploma,383000
1126,Masters degree,607000
101,Associates degree,656000
2490,Bachelors degree,387000
1007,Regular high school diploma,308000
559,GED or alternative credential,183000
170,Bachelors degree,890000
1784,N/A,554000
1265,Regular high school diploma,499000
188,Bachelors degree,914000
2870,GED or alternative credential,160000
944,Pre-degree college,409000
433,Regular high school diploma,327000
1329,Regular high school diploma,443000
2396,Masters degree,370000
6,Masters degree,1319000
2523,Masters degree,410000
1997,Pre-degree college,407000
1188,N/A,312000
1317,Regular high school diploma,272000
3346,Pre-degree college,334000
314,Pre-degree college,591000
1659,Bachelors degree,553000
364,N/A,631000
122,Associates degree,658000
1169,Regular high school diploma,418000
777,Regular high school diploma,273000
646,Pre-degree college,706000
943,Regular high school diploma,364000
2244,Associates degree,290000
1926,Regular high school diploma,334000
1726,Pre-degree college,277000
553,GED or alternative credential,209000
1489,Bachelors degree,526000
3417,Bachelors degree,310000
775,N/A,528000
1577,N/A,258000
3371,Bachelors degree,283000
54,GED or alternative credential,662000
1347,Pre-degree college,364000
1401,Pre-degree college,371000
2598,Masters degree,505000
2275,N/A,284000
941,Masters degree,692000
1173,Pre-degree college,568000
1205,Regular high school diploma,342000
889,N/A,379000
1236,N/A,269000
542,Masters degree,893000
830,N/A,562000
673,N/A,551000
493,Pre-degree college,523000
3812,Associates degree,175000
1586,Pre-degree college,383000
1529,Pre-degree college,443000
194,Associates degree,450000
1201,Associates degree,334000
951,Bachelors degree,596000
170,Pre-diploma grade,338000
1035,N/A,326000
872,Regular high school diploma,432000
873,Pre-diploma grade,172000
3132,Associates degree,193000
21,Pre-degree college,956000
199,GED or alternative credential,389000
48,Bachelors degree,973000
591,N/A,437000
554,Regular high school diploma,386000
1237,Regular high school diploma,291000
1153,Pre-degree college,291000
541,Associates degree,304000
199,Regular high school diploma,450000
57,Pre-diploma grade,426000
268,GED or alternative credential,244000
212,Bachelors degree,1014000
83,Bachelors degree,937000
1025,GED or alternative credential,200000
3182,Pre-diploma grade,151000
1997,Bachelors degree,470000
146,Masters degree,1088000
174,GED or alternative credential,294000
953,Pre-degree college,388000
188,Bachelors degree,846000
208,Pre-degree college,654000
1103,N/A,491000
1310,Pre-degree college,406000
5250,Bachelors degree,336000
28,Regular high school diploma,742000
2390,Bachelors degree,610000
3341,Masters degree,444000
1991,Pre-diploma grade,140000
569,Bachelors degree,732000
784,Associates degree,273000
1039,Regular high school diploma,390000
768,Associates degree,243000
429,Regular high school diploma,428000
827,Pre-degree college,428000
2114,Bachelors degree,465000
215,Pre-diploma grade,328000
2185,Bachelors degree,359000
2541,Bachelors degree,394000
859,Masters degree,776000
2803,Masters degree,498000
767,N/A,360000
374,N/A,505000
1122,N/A,474000
340,N/A,590000
264,Bachelors degree,911000
3648,Masters degree,631000
1955,Pre-degree college,342000
94,GED or alternative credential,347000
66,Associates degree,673000
700,N/A,375000
2181,Pre-degree college,390000
220,GED or alternative credential,296000
670,Bachelors degree,690000
1649,Bachelors degree,457000
579,N/A,385000
647,Bachelors degree,778000
43,GED or alternative credential,549000
291,Masters degree,828000
159,N/A,663000
692,Masters degree,845000
512,Pre-diploma grade,250000
104,Bachelors degree,878000
524,Associates degree,396000
108,Associates degree,923000
920,Masters degree,638000
430,Bachelors degree,723000
430,N/A,460000
75,Masters degree,929000
2445,Bachelors degree,449000
81,Pre-degree college,1067000
246,Associates degree,622000
32,N/A,855000
466,Masters degree,814000
285,Pre-diploma grade,279000
553,Masters degree,804000
4,Regular high school diploma,1235000
2168,Bachelors degree,477000
281,Associates degree,706000
627,Bachelors degree,777000
1139,Bachelors degree,-5000
12,Regular high school diploma,923000
1066,GED or alternative credential,149000
3043,Bachelors degree,507000
1008,Bachelors degree,484000
1794,Pre-diploma grade,186000
233,Pre-diploma grade,511000
2816,Pre-degree college,266000
364,Bachelors degree,679000
802,N/A,550000
1966,Associates degree,226000
998,Bachelors degree,676000
563,Associates degree,277000
3087,Associates degree,-3000
2035,Bachelors degree,330000
728,Pre-degree college,402000
206,Pre-degree college,656000
966,Associates degree,266000
144,GED or alternative credential,512000
409,Pre-degree college,658000
1165,Bachelors degree,660000
369,Masters degree,1026000
209,Masters degree,881000
3108,Masters degree,375000
127,Masters degree,955000
448,Pre-diploma grade,348000
626,Pre-degree college,622000
303,Pre-degree college,759000
145,Pre-degree college,766000
334,Associates degree,409000
62,N/A,804000
122,Pre-degree college,868000
1226,Associates degree,342000
751,GED or alternative credential,203000
447,Regular high school diploma,425000
205,GED or alternative credential,442000
238,Bachelors degree,836000
557,Bachelors degree,755000
561,Bachelors degree,635000
387,Pre-degree college,561000
3,N/A,957000
123,N/A,814000
42,Pre-diploma grade,675000
210,Associates degree,364000
568,Regular high school diploma,566000
22,GED or alternative credential,782000
622,Pre-degree college,566000
190,Masters degree,802000
807,N/A,392000
147,Regular high school diploma,567000
22,Pre-degree college,798000
24,Regular high school diploma,851000
86,GED or alternative credential,479000
2469,Pre-degree college,436000
264,Associates degree,425000
87,Regular high school diploma,523000
80,Masters degree,875000
320,N/A,592000
88,Associates degree,688000
547,Regular high school diploma,706000
49,Pre-diploma grade,588000
482,Pre-degree college,525000
672,Pre-degree college,352000
1184,Regular high school diploma,406000
97,Associates degree,605000
705,Pre-degree college,425000
766,Associates degree,390000
440,Pre-diploma grade,219000
129,N/A,725000
601,Bachelors degree,704000
437,Bachelors degree,817000
138,N/A,773000
405,Pre-diploma grade,559000
93,N/A,828000
342,N/A,548000
27,Bachelors degree,1377000
918,Bachelors degree,624000
117,Regular high school diploma,600000
259,N/A,607000
840,Regular high school diploma,409000
624,Bachelors degree,659000
30,N/A,740000
1098,N/A,564000
356,Masters degree,1085000
545,Regular high school diploma,371000
283,Pre-diploma grade,464000
14,Masters degree,1256000
1124,N/A,317000
173,Pre-degree college,627000
26,Pre-degree college,995000
880,Associates degree,407000
301,N/A,531000
542,Masters degree,865000
117,GED or alternative credential,351000
532,Pre-degree college,487000
969,N/A,632000
14,GED or alternative credential,708000
17,Bachelors degree,1288000
164,Bachelors degree,907000
708,GED or alternative credential,-9000
1067,Regular high school diploma,388000
534,Associates degree,308000
11,GED or alternative credential,719000
174,Pre-diploma grade,236000
520,Bachelors degree,762000
86,N/A,865000
61,Bachelors degree,822000
147,Bachelors degree,936000
51,Pre-diploma grade,619000
551,N/A,451000
130,GED or alternative credential,247000
212,Pre-degree college,673000
77,Pre-degree college,646000
376,Masters degree,970000
34,Bachelors degree,889000
162,Pre-degree college,991000
320,N/A,655000
2143,Regular high school diploma,239000
44,N/A,683000
368,Masters degree,736000
518,Associates degree,415000
546,Masters degree,872000
149,Associates degree,487000
267,Bachelors degree,1105000
402,Associates degree,568000
179,GED or alternative credential,281000
126,Pre-diploma grade,476000
473,N/A,370000
311,Pre-diploma grade,355000
1327,Regular high school diploma,436000
513,Masters degree,683000
146,N/A,579000
311,Associates degree,349000
32,Bachelors degree,982000
721,Associates degree,263000
682,Regular high school diploma,277000
335,Regular high school diploma,591000
505,Associates degree,406000
240,Bachelors degree,994000
301,Pre-degree college,605000
9,N/A,1139000
168,Associates degree,561000
252,GED or alternative credential,433000
97,Bachelors degree,901000
408,Pre-diploma grade,320000
55,N/A,811000
271,GED or alternative credential,227000
265,Associates degree,499000
247,GED or alternative credential,502000
79,N/A,761000
391,Regular high school diploma,622000
392,Regular high school diploma,352000
86,N/A,736000
70,Pre-diploma grade,617000
531,Masters degree,773000
88,Pre-diploma grade,518000
141,Associates degree,525000
122,Bachelors degree,1035000
72,GED or alternative credential,422000
118,Pre-diploma grade,527000
227,Bachelors degree,942000
75,GED or alternative credential,251000
72,Regular high school diploma,681000
18,Regular high school diploma,1001000
753,Masters degree,724000
331,Pre-degree college,537000
71,Associates degree,847000
67,Pre-degree college,923000
25,GED or alternative credential,475000
740,Masters degree,678000
107,Pre-degree college,717000
78,Bachelors degree,972000
656,N/A,541000
31,Bachelors degree,816000
43,GED or alternative credential,508000
157,Pre-diploma grade,520000
48,Masters degree,1264000
111,N/A,776000
34,Masters degree,957000
37,Regular high school diploma,798000
924,Regular high school diploma,354000
186,Bachelors degree,884000
125,GED or alternative credential,-4000
42,Associates degree,991000
97,Regular high school diploma,974000
252,Masters degree,938000
33,Regular high school diploma,1068000
250,Masters degree,1167000
438,Regular high school diploma,408000
921,Regular high school diploma,415000
566,Bachelors degree,733000
106,N/A,850000
11,Masters degree,1265000
79,Pre-diploma grade,369000
439,Masters degree,748000
57,Bachelors degree,1146000
59,Associates degree,1142000
461,Bachelors degree,800000
109,Associates degree,408000
330,Associates degree,352000
116,Pre-diploma grade,363000
13,GED or alternative credential,737000
91,Masters degree,916000
196,Regular high school diploma,525000
332,Associates degree,386000
89,Associates degree,734000
81,Associates degree,591000
93,Regular high school diploma,561000
180,Pre-diploma grade,497000
189,Masters degree,834000
42,Regular high school diploma,956000
80,Pre-diploma grade,611000
37,Masters degree,1119000
132,Pre-degree college,714000
194,Pre-degree college,847000
71,Associates degree,600000
631,Masters degree,761000
47,Regular high school diploma,766000
201,Regular high school diploma,759000
367,Pre-diploma grade,271000
11,Associates degree,992000
172,Pre-diploma grade,253000
58,Pre-degree college,824000
27,Pre-degree college,874000
22,Pre-diploma grade,604000
103,Pre-diploma grade,595000
25,Masters degree,1344000
185,Associates degree,594000
456,N/A,410000
122,Bachelors degree,787000
139,Pre-diploma grade,532000
101,N/A,533000
44,Pre-diploma grade,585000
176,Regular high school diploma,734000
123,GED or alternative credential,298000
114,N/A,809000
11,GED or alternative credential,625000
46,Masters degree,1033000
16,Regular high school diploma,827000
121,Associates degree,523000
250,Associates degree,354000
54,GED or alternative credential,299000
44,N/A,1167000
164,Pre-degree college,780000
37,Pre-diploma grade,781000
201,Pre-diploma grade,485000
32,Associates degree,627000
213,Associates degree,402000
58,Pre-diploma grade,791000
7,Pre-diploma grade,1170000
126,GED or alternative credential,341000
142,N/A,748000
159,N/A,765000
11,Pre-degree college,1127000
49,Masters degree,1003000
71,GED or alternative credential,535000
157,Bachelors degree,869000
309,Associates degree,566000
128,Regular high school diploma,673000
10,Regular high school diploma,1069000
214,Pre-diploma grade,417000
49,GED or alternative credential,329000
132,Associates degree,759000
120,Bachelors degree,918000
27,GED or alternative credential,420000
183,Pre-degree college,734000
210,Bachelors degree,922000
25,Pre-degree college,905000
441,N/A,498000
8,Pre-diploma grade,790000
9,GED or alternative credential,547000
179,Bachelors degree,801000
182,Pre-diploma grade,292000
13,N/A,1000000
7,Associates degree,1021000
134,Pre-degree college,681000
232,Associates degree,432000
163,Pre-diploma grade,514000
19,Regular high school diploma,952000
22,Pre-degree college,1122000
8,GED or alternative credential,589000
14,N/A,1195000
248,Regular high school diploma,487000
579,Associates degree,291000
60,GED or alternative credential,563000
149,Regular high school diploma,605000
20,Masters degree,1149000
5,Pre-degree college,894000
14,N/A,939000
135,GED or alternative credential,576000
51,Bachelors degree,1136000
35,Regular high school diploma,691000
36,N/A,845000
7,Pre-diploma grade,1011000
446,Bachelors degree,751000
64,Pre-degree college,974000
79,Pre-diploma grade,771000
12,Pre-degree college,1072000
21,Regular high school diploma,786000
102,Masters degree,950000
321,GED or alternative credential,256000
156,Regular high school diploma,658000
68,GED or alternative credential,524000
193,Masters degree,949000
68,N/A,970000
38,Masters degree,1190000
7,Bachelors degree,1561000
14,Pre-degree college,1021000
20,Regular high school diploma,931000
52,Bachelors degree,960000
36,GED or alternative credential,1008000
86,GED or alternative credential,726000
181,Pre-diploma grade,378000
56,Pre-degree college,952000
11,Regular high school diploma,1041000
153,GED or alternative credential,260000
9,Masters degree,1426000
56,GED or alternative credential,374000
95,GED or alternative credential,333000
475,Pre-diploma grade,233000
129,N/A,692000
3,Pre-degree college,1001000
19,Regular high school diploma,1021000
316,GED or alternative credential,210000
65,Masters degree,1075000
24,Associates degree,794000
19,Bachelors degree,1237000
58,Bachelors degree,980000
52,Bachelors degree,1222000
16,Masters degree,1427000
9,Masters degree,1046000
27,Pre-diploma grade,657000
16,Associates degree,1017000
298,Regular high school diploma,656000
8,Pre-diploma grade,1115000
22,N/A,1555000
116,N/A,724000
55,Pre-diploma grade,629000
44,Bachelors degree,1392000
96,N/A,1026000
36,Masters degree,1106000
75,Pre-diploma grade,515000
90,Regular high school diploma,717000
24,Regular high school diploma,898000
74,GED or alternative credential,297000
133,Masters degree,939000
60,Pre-diploma grade,530000
72,Pre-diploma grade,763000
49,Regular high school diploma,843000
95,Associates degree,537000
93,Bachelors degree,915000
12,N/A,1123000
30,Bachelors degree,1050000
131,Bachelors degree,1131000
57,Masters degree,1076000
7,GED or alternative credential,599000
109,Pre-diploma grade,536000
86,GED or alternative credential,356000
81,N/A,638000
13,Pre-degree college,1009000
13,Associates degree,691000
40,Regular high school diploma,895000
44,Masters degree,1258000
7,GED or alternative credential,784000
92,Pre-degree college,827000
26,Pre-diploma grade,697000
4,Regular high school diploma,824000
3,Bachelors degree,1454000
91,Regular high school diploma,758000
89,Bachelors degree,1577000
16,Bachelors degree,1361000
15,Bachelors degree,1134000
4,Pre-diploma grade,630000
125,Pre-degree college,613000
27,Masters degree,1272000
69,GED or alternative credential,286000
20,Associates degree,758000
45,Pre-diploma grade,626000
21,Bachelors degree,1161000
12,Pre-degree college,870000
133,Pre-diploma grade,493000
6,Bachelors degree,1251000
41,Pre-degree college,898000
30,Bachelors degree,1255000
88,Bachelors degree,997000
50,Regular high school diploma,688000
239,GED or alternative credential,494000
79,Bachelors degree,1138000
36,N/A,802000
10,N/A,1053000
65,Masters degree,1128000
61,GED or alternative credential,447000
23,Associates degree,874000
13,Masters degree,1342000
26,Bachelors degree,1178000
30,Masters degree,1293000
29,GED or alternative credential,637000
17,GED or alternative credential,857000
159,Associates degree,567000
36,GED or alternative credential,577000
5,GED or alternative credential,647000
46,Pre-degree college,794000
7,Associates degree,681000
50,Bachelors degree,1030000
13,Masters degree,1066000
64,Bachelors degree,976000
59,N/A,783000
46,N/A,1207000
77,GED or alternative credential,584000
22,Pre-diploma grade,633000
18,Masters degree,1456000
41,Associates degree,896000
20,Associates degree,974000
19,GED or alternative credential,823000
10,GED or alternative credential,648000
11,Bachelors degree,1667000
68,Masters degree,1053000
10,Associates degree,1025000
20,Bachelors degree,1198000
12,Associates degree,851000
13,N/A,875000
16,Masters degree,947000
128,N/A,1326000
8,Regular high school diploma,894000
60,Pre-degree college,786000
14,Pre-degree college,1068000
14,Masters degree,990000
32,Associates degree,995000
12,GED or alternative credential,1307000
9,Pre-degree college,1219000
5,Masters degree,1189000
1,Pre-degree college,1142000
27,Bachelors degree,1099000
41,Associates degree,742000
28,GED or alternative credential,686000
7,Regular high school diploma,1504000
30,GED or alternative credential,578000
19,Pre-degree college,1211000
40,Regular high school diploma,613000
81,Pre-degree college,688000
71,Masters degree,1123000
3,N/A,1088000
10,Masters degree,1139000
60,Pre-diploma grade,682000
55,Bachelors degree,1060000
27,Bachelors degree,971000
11,Bachelors degree,1147000
40,Pre-degree college,742000
47,Regular high school diploma,646000
36,Masters degree,1051000
11,Pre-diploma grade,768000
3,Regular high school diploma,874000
11,N/A,1033000
12,Bachelors degree,1381000
19,N/A,949000
14,Masters degree,1112000
11,Associates degree,831000
17,N/A,1126000
44,GED or alternative credential,376000
2,Masters degree,1389000
47,Pre-diploma grade,1087000
9,N/A,1046000
4,N/A,1424000
38,Pre-degree college,876000
24,Pre-degree college,1041000
26,GED or alternative credential,565000
38,Pre-degree college,992000
62,N/A,834000
24,Pre-degree college,1052000
5,Regular high school diploma,991000
12,Masters degree,1555000
3,GED or alternative credential,583000
9,Masters degree,1865000
19,Associates degree,1095000
17,Bachelors degree,1263000
9,N/A,1075000
15,Regular high school diploma,794000
51,Associates degree,646000
105,GED or alternative credential,621000
45,N/A,893000
4,Associates degree,876000
4,Pre-diploma grade,574000
38,Regular high school diploma,847000
18,Associates degree,780000
43,Masters degree,1048000
12,Associates degree,714000
51,Pre-degree college,1257000
17,Bachelors degree,1034000
65,GED or alternative credential,640000
2,Associates degree,613000
29,Pre-diploma grade,891000
103,Regular high school diploma,1268000
1,GED or alternative credential,803000
4,Associates degree,654000
38,N/A,1182000
16,Masters degree,1207000
3,GED or alternative credential,446000
18,N/A,950000
10,Associates degree,827000
11,Pre-diploma grade,854000
52,Masters degree,1326000
14,Associates degree,717000
39,Pre-degree college,1025000
19,N/A,1003000
34,Regular high school diploma,1211000
56,Regular high school diploma,1490000
10,N/A,1358000
32,Masters degree,1332000
16,GED or alternative credential,572000
21,Pre-degree college,1623000
14,Associates degree,895000
18,N/A,1112000
12,N/A,1181000
14,Masters degree,1162000
31,Bachelors degree,1185000
11,Masters degree,1135000
18,GED or alternative credential,830000
8,GED or alternative credential,1118000
19,Pre-diploma grade,861000
30,N/A,872000
21,Associates degree,898000
10,Associates degree,1032000
11,GED or alternative credential,808000
12,GED or alternative credential,707000
24,Regular high school diploma,831000
1030946,Pre-degree college,11000
29146,N/A,75000
169280,Masters degree,64000
630673,Pre-diploma grade,9000
318560,Bachelors degree,72000
17861,N/A,84000
475721,Bachelors degree,21000
118912,Masters degree,101000
152998,Masters degree,29000
154,Pre-diploma grade,282000
273832,Masters degree,57000
382510,Bachelors degree,27000
465815,Regular high school diploma,56000
530425,Pre-degree college,32000
322639,Associates degree,14000
166573,Masters degree,91000
1528785,Regular high school diploma,11000
482173,Bachelors degree,31000
220583,Associates degree,38000
384223,Bachelors degree,12000
26156,GED or alternative credential,81000
441442,Pre-diploma grade,23000
575220,Regular high school diploma,38000
1291462,Regular high school diploma,14000
1008838,Pre-degree college,14000
223635,Pre-diploma grade,34000
96190,Masters degree,148000
517627,Pre-degree college,38000
228837,Associates degree,56000
418183,Bachelors degree,13000
129284,Masters degree,2000
519851,Bachelors degree,68000
98761,Masters degree,134000
107437,Masters degree,5000
640770,Regular high school diploma,32000
169658,Pre-diploma grade,40000
19971,Associates degree,167000
127883,GED or alternative credential,22000
26266,N/A,91000
68124,N/A,19000
235115,Bachelors degree,125000
24958,Pre-degree college,143000
45180,Pre-degree college,156000
307507,Associates degree,11000
105207,Bachelors degree,154000
13765,Pre-degree college,158000
205288,Associates degree,32000
3467,Masters degree,373000
125653,Masters degree,44000
3493,N/A,202000
374111,Pre-diploma grade,24000
155847,Masters degree,28000
732,Regular high school diploma,442000
165987,Masters degree,116000
137332,Masters degree,6000
16684,Masters degree,204000
55030,Regular high school diploma,96000
621,Masters degree,778000
16785,Pre-diploma grade,-2000
259729,Pre-degree college,55000
158794,Pre-diploma grade,45000
475994,Pre-diploma grade,16000
466681,Pre-degree college,56000
472124,Bachelors degree,78000
53452,Associates degree,103000
36683,Pre-degree college,124000
48112,Bachelors degree,135000
188334,Masters degree,111000
217792,Bachelors degree,118000
276199,Bachelors degree,114000
3274,Masters degree,401000
119842,Masters degree,76000
63949,Masters degree,131000
153688,Masters degree,87000
17181,Masters degree,214000
5504,Bachelors degree,248000
243,GED or alternative credential,443000
138861,Regular high school diploma,95000
182628,Pre-diploma grade,42000
234318,Bachelors degree,62000
43685,Associates degree,96000
92701,Pre-diploma grade,59000
17696,N/A,76000
180436,Pre-degree college,95000
39878,Pre-degree college,167000
127034,Masters degree,79000
96558,Associates degree,95000
202857,Masters degree,50000
128833,Masters degree,54000
6048,Bachelors degree,564000
184617,Bachelors degree,69000
178558,Masters degree,41000
10129,Bachelors degree,554000
39443,GED or alternative credential,71000
1185,Bachelors degree,663000
5658,N/A,213000
139866,Masters degree,26000
6690,N/A,153000
68905,N/A,29000
643912,Bachelors degree,46000
28815,Bachelors degree,159000
6157,Pre-diploma grade,110000
42049,Pre-diploma grade,73000
8503,Pre-degree college,198000
111561,Masters degree,130000
208577,GED or alternative credential,10000
171703,Pre-diploma grade,47000
61953,GED or alternative credential,58000
115148,Associates degree,55000
6526,N/A,163000
1077,Regular high school diploma,662000
51433,N/A,57000
85836,N/A,6000
12214,N/A,131000
4216,Pre-degree college,210000
99285,Pre-degree college,103000
41881,Bachelors degree,161000
5675,N/A,217000
75062,Pre-degree college,96000
56294,GED or alternative credential,51000
126883,Pre-diploma grade,37000
128011,Bachelors degree,106000
309676,Masters degree,83000
403,N/A,401000
199755,Masters degree,75000
31319,Masters degree,153000
23,GED or alternative credential,780000
244116,Regular high school diploma,55000
19706,N/A,134000
114170,Masters degree,115000
10636,Bachelors degree,274000
433,N/A,558000
8318,Regular high school diploma,200000
90735,GED or alternative credential,52000
71191,N/A,28000
6656,Associates degree,149000
118145,Masters degree,19000
37418,Masters degree,195000
49513,N/A,83000
20354,Associates degree,124000
1191,Pre-degree college,294000
5629,Masters degree,558000
23419,Regular high school diploma,167000
4610,Pre-degree college,296000
1366,GED or alternative credential,-3000
43213,Bachelors degree,168000
3055,Masters degree,394000
110715,Masters degree,84000
8998,Pre-degree college,203000
7791,Pre-degree college,209000
10472,Masters degree,644000
24477,Masters degree,285000
79860,N/A,2000
27482,N/A,44000
11,N/A,1381000
336,Associates degree,479000
2988,Bachelors degree,437000
36241,Masters degree,147000
63283,N/A,5000
11068,GED or alternative credential,97000
18625,N/A,79000
38008,N/A,50000
5925,Associates degree,158000
14178,Masters degree,202000
21280,N/A,130000
30943,Masters degree,213000
24898,N/A,64000
11126,Bachelors degree,284000
10558,Pre-degree college,184000
1326,Masters degree,596000
2278,Regular high school diploma,-9000
26050,Masters degree,163000
13503,Pre-degree college,149000
767,Pre-degree college,-4000
24906,Pre-diploma grade,104000
72329,Regular high school diploma,103000
2758,Bachelors degree,375000
21085,N/A,54000
2201,Pre-diploma grade,182000
6928,GED or alternative credential,102000
702,N/A,300000
18498,Bachelors degree,196000
28345,N/A,116000
13470,Associates degree,143000
9597,Bachelors degree,221000
11321,Pre-diploma grade,88000
2695,Masters degree,610000
16736,Regular high school diploma,143000
52471,N/A,41000
5218,Regular high school diploma,184000
14780,Regular high school diploma,160000
22,Associates degree,707000
7647,N/A,195000
22672,GED or alternative credential,77000
5055,Masters degree,546000
150456,Masters degree,99000
3816,Masters degree,461000
55612,Pre-diploma grade,70000
4864,Bachelors degree,474000
2796,Masters degree,470000
5837,Pre-degree college,183000
7063,Pre-diploma grade,105000
2321,Bachelors degree,410000
2969,Masters degree,377000
1152,GED or alternative credential,157000
79336,Pre-diploma grade,49000
525,Bachelors degree,678000
32417,N/A,111000
29473,Masters degree,201000
16435,Masters degree,224000
17706,N/A,101000
25335,Associates degree,156000
24317,N/A,99000
10910,Bachelors degree,231000
3473,Associates degree,198000
4409,Masters degree,441000
19638,Masters degree,267000
1755,Masters degree,-6000
541,Bachelors degree,692000
22785,N/A,87000
16046,Masters degree,240000
1484,Pre-degree college,356000
6310,Bachelors degree,258000
14345,Pre-degree college,200000
1474,Masters degree,660000
17312,Bachelors degree,225000
70187,N/A,26000
231,Masters degree,1131000
1747,Regular high school diploma,227000
201,GED or alternative credential,499000
223,Pre-degree college,446000
18176,Bachelors degree,235000
1131,GED or alternative credential,152000
2274,Masters degree,553000
10754,Bachelors degree,544000
40,Bachelors degree,1389000
30229,Regular high school diploma,156000
979,N/A,521000
6142,GED or alternative credential,139000
20700,Regular high school diploma,124000
3813,GED or alternative credential,112000
1171,Masters degree,704000
4853,Masters degree,507000
19908,N/A,115000
876,Pre-degree college,351000
3563,Bachelors degree,550000
4894,Regular high school diploma,209000
10543,Masters degree,365000
986,Pre-degree college,341000
1905,Pre-diploma grade,150000
579,N/A,423000
19227,N/A,148000
37802,GED or alternative credential,60000
1411,Pre-degree college,576000
12403,GED or alternative credential,85000
3219,Pre-degree college,251000
2381,Masters degree,454000
6435,GED or alternative credential,108000
59176,Bachelors degree,126000
7041,Masters degree,552000
960,Pre-degree college,376000
2374,Masters degree,337000
5717,Masters degree,275000
1185,Pre-degree college,286000
9469,Masters degree,314000
4733,Associates degree,184000
5540,Pre-diploma grade,113000
417,Pre-degree college,577000
471,N/A,569000
1793,Masters degree,557000
24935,Masters degree,217000
4117,Bachelors degree,288000
494,Regular high school diploma,563000
13680,Associates degree,160000
5008,Masters degree,336000
3059,Masters degree,350000
5450,Masters degree,295000
2918,Regular high school diploma,183000
1687,N/A,268000
938,Pre-degree college,389000
1984,Masters degree,359000
4788,Bachelors degree,317000
580,Pre-degree college,508000
5978,Associates degree,200000
6784,N/A,147000
500,N/A,470000
1839,Masters degree,517000
744,GED or alternative credential,193000
2116,Bachelors degree,392000
4236,Bachelors degree,379000
1579,Pre-diploma grade,144000
227,N/A,755000
6333,Pre-diploma grade,122000
848,Regular high school diploma,341000
3125,Masters degree,738000
183,Masters degree,942000
1106,N/A,343000
7373,Bachelors degree,252000
387,Bachelors degree,773000
893,Masters degree,777000
3373,Pre-degree college,227000
4295,Regular high school diploma,198000
681,Regular high school diploma,535000
159,Pre-diploma grade,316000
6127,N/A,201000
3655,Bachelors degree,460000
1104,N/A,488000
2572,Masters degree,449000
490,N/A,482000
773,N/A,699000
8008,Pre-diploma grade,109000
6213,Masters degree,488000
3482,N/A,240000
2593,Masters degree,727000
3691,N/A,214000
1793,Masters degree,492000
24913,Pre-degree college,160000
3438,GED or alternative credential,178000
4788,Masters degree,510000
10194,GED or alternative credential,107000
1314,Masters degree,659000
4609,Masters degree,343000
5107,Pre-degree college,192000
9157,Masters degree,287000
618,Associates degree,662000
9099,Bachelors degree,669000
680,N/A,610000
2003,Associates degree,210000
3892,Masters degree,310000
6993,Regular high school diploma,149000
344,N/A,457000
873,Regular high school diploma,433000
1356,N/A,295000
1806,Pre-degree college,259000
3822,Bachelors degree,451000
8949,GED or alternative credential,92000
8924,Masters degree,268000
1096,Masters degree,732000
3714,Masters degree,283000
56,Masters degree,1138000
2509,Associates degree,192000
3022,Bachelors degree,562000
1008,N/A,394000
5420,Bachelors degree,491000
2901,Masters degree,429000
87,GED or alternative credential,352000
991,GED or alternative credential,223000
3136,Bachelors degree,592000
11953,Pre-diploma grade,90000
1745,N/A,287000
6018,Bachelors degree,269000
1617,Masters degree,526000
311,Pre-degree college,578000
190,Pre-degree college,565000
672,Masters degree,884000
1467,Bachelors degree,548000
1666,Associates degree,296000
2001,Bachelors degree,590000
1544,Regular high school diploma,251000
4340,Masters degree,462000
288,Masters degree,914000
5298,Regular high school diploma,203000
78,GED or alternative credential,371000
1081,Associates degree,244000
1014,Masters degree,676000
3811,Bachelors degree,632000
826,Pre-degree college,299000
295,Associates degree,576000
2867,N/A,224000
3570,Bachelors degree,385000
2107,Associates degree,183000
3677,Bachelors degree,360000
179,Associates degree,782000
581,Associates degree,265000
2220,Pre-degree college,256000
429,Bachelors degree,776000
1056,Pre-degree college,512000
5547,Masters degree,793000
825,Pre-degree college,333000
1273,Pre-degree college,347000
2800,Masters degree,400000
4223,N/A,285000
711,Pre-degree college,420000
3521,N/A,204000
1999,Bachelors degree,505000
1212,Pre-degree college,494000
101,Bachelors degree,855000
3266,Regular high school diploma,192000
7376,Regular high school diploma,158000
4852,Masters degree,519000
196,Regular high school diploma,578000
538,N/A,387000
1062,Masters degree,635000
2677,Bachelors degree,370000
3967,Associates degree,209000
2999,Masters degree,440000
495,Pre-diploma grade,419000
1063,Regular high school diploma,333000
382,Bachelors degree,765000
2279,N/A,365000
1910,Masters degree,641000
308,GED or alternative credential,239000
807,Bachelors degree,579000
2651,Regular high school diploma,296000
1638,Pre-degree college,662000
2771,Masters degree,387000
1585,Masters degree,484000
226,N/A,721000
971,N/A,336000
3534,Masters degree,699000
191,Masters degree,936000
831,Bachelors degree,850000
3045,Bachelors degree,444000
73,Masters degree,982000
476,N/A,449000
606,N/A,484000
3297,Masters degree,477000
5591,Bachelors degree,326000
549,Masters degree,800000
214,Pre-diploma grade,222000
2216,Masters degree,330000
2708,Bachelors degree,631000
5339,Associates degree,203000
1594,N/A,275000
602,Pre-degree college,422000
169,GED or alternative credential,263000
408,Pre-degree college,583000
754,GED or alternative credential,197000
407,Masters degree,1105000
2775,Masters degree,423000
3570,N/A,267000
1849,Bachelors degree,498000
696,Associates degree,286000
3661,Bachelors degree,541000
3925,Bachelors degree,445000
4160,Masters degree,300000
5149,Masters degree,521000
482,Masters degree,762000
692,Pre-degree college,535000
986,Masters degree,624000
654,Regular high school diploma,389000
452,Bachelors degree,724000
963,Regular high school diploma,281000
550,Pre-degree college,374000
1338,Pre-degree college,247000
486,Regular high school diploma,547000
569,Regular high school diploma,351000
485,Bachelors degree,783000
2258,Pre-degree college,-9000
998,Associates degree,256000
853,Regular high school diploma,265000
2011,N/A,314000
3107,Masters degree,468000
316,Masters degree,890000
306,Associates degree,341000
5569,Bachelors degree,312000
10,Masters degree,1400000
1358,Masters degree,674000
138,GED or alternative credential,396000
354,Masters degree,801000
932,Pre-degree college,366000
115,Masters degree,960000
47,N/A,983000
916,Regular high school diploma,286000
308,Pre-diploma grade,522000
369,Regular high school diploma,524000
2559,Masters degree,516000
622,N/A,516000
238,Regular high school diploma,599000
2103,GED or alternative credential,133000
1321,Regular high school diploma,297000
37,GED or alternative credential,402000
3468,Masters degree,414000
547,Regular high school diploma,376000
323,Associates degree,260000
65,N/A,676000
152,Bachelors degree,865000
1074,Associates degree,-9000
23,Regular high school diploma,1202000
2018,Pre-degree college,297000
464,Pre-degree college,719000
332,Pre-degree college,726000
1986,Bachelors degree,528000
775,Regular high school diploma,329000
1449,Pre-degree college,265000
503,Bachelors degree,809000
1192,Bachelors degree,533000
463,Masters degree,844000
2644,Regular high school diploma,210000
1165,Pre-degree college,442000
2976,Pre-degree college,244000
1821,Masters degree,569000
336,Associates degree,351000
363,N/A,440000
808,Regular high school diploma,259000
1027,N/A,441000
412,Pre-diploma grade,262000
98,N/A,733000
73,Pre-diploma grade,653000
1763,Pre-degree college,281000
618,Pre-degree college,524000
1039,Masters degree,721000
1206,Pre-degree college,433000
575,N/A,510000
126,Pre-degree college,737000
909,Pre-diploma grade,164000
605,Regular high school diploma,299000
706,Pre-diploma grade,185000
914,Regular high school diploma,576000
117,GED or alternative credential,409000
272,Masters degree,846000
751,Regular high school diploma,502000
1041,Regular high school diploma,298000
2606,Pre-diploma grade,127000
1511,Pre-diploma grade,-8000
426,Associates degree,512000
770,N/A,519000
1149,Pre-degree college,298000
954,N/A,461000
1432,Associates degree,227000
532,N/A,310000
29,Pre-degree college,856000
332,Bachelors degree,814000
188,Masters degree,1146000
426,Bachelors degree,748000
2382,Bachelors degree,551000
1585,Regular high school diploma,244000
729,Regular high school diploma,479000
847,N/A,373000
341,N/A,-6000
146,Pre-diploma grade,472000
493,Bachelors degree,811000
345,Pre-degree college,572000
731,Regular high school diploma,447000
542,N/A,454000
950,Regular high school diploma,347000
52,Regular high school diploma,647000
158,Pre-degree college,615000
674,N/A,414000
438,N/A,330000
1705,Masters degree,457000
96,Associates degree,647000
1112,Pre-degree college,260000
514,Associates degree,333000
44,Masters degree,1050000
212,Pre-diploma grade,335000
1295,Bachelors degree,531000
714,Regular high school diploma,366000
230,Regular high school diploma,572000
345,N/A,337000
488,Associates degree,442000
772,N/A,350000
1795,N/A,644000
127,Pre-diploma grade,332000
404,Masters degree,983000
801,Pre-degree college,329000
561,Masters degree,-5000
674,N/A,462000
587,Pre-diploma grade,190000
18,N/A,1138000
306,Regular high school diploma,446000
451,Associates degree,247000
298,Pre-diploma grade,458000
1113,Regular high school diploma,256000
792,Bachelors degree,655000
1010,Associates degree,251000
11,Pre-diploma grade,744000
341,Associates degree,422000
953,Masters degree,817000
1161,Masters degree,755000
559,Masters degree,770000
341,GED or alternative credential,212000
478,Regular high school diploma,726000
505,Masters degree,723000
404,Masters degree,1014000
65,Regular high school diploma,718000
705,GED or alternative credential,175000
290,Masters degree,911000
13,Pre-degree college,1038000
210,Regular high school diploma,584000
1828,Masters degree,482000
182,Regular high school diploma,577000
56,Pre-degree college,1110000
631,Pre-degree college,502000
500,Bachelors degree,1026000
189,Associates degree,475000
515,Pre-degree college,589000
25,N/A,800000
128,Pre-diploma grade,434000
1766,Pre-diploma grade,138000
691,Bachelors degree,638000
575,Regular high school diploma,-4000
94,Bachelors degree,949000
372,Bachelors degree,804000
405,Associates degree,299000
907,N/A,283000
1453,N/A,552000
681,Regular high school diploma,294000
109,Pre-diploma grade,603000
172,Masters degree,907000
54,N/A,770000
180,Pre-diploma grade,380000
176,Bachelors degree,834000
146,N/A,635000
533,Regular high school diploma,512000
47,N/A,815000
218,Masters degree,836000
604,N/A,793000
298,Pre-degree college,782000
1224,Masters degree,616000
59,Masters degree,1030000
6,N/A,801000
804,Pre-degree college,479000
32,N/A,997000
390,Bachelors degree,725000
369,N/A,400000
600,Masters degree,679000
1311,Pre-diploma grade,165000
669,N/A,546000
442,Associates degree,-4000
944,Regular high school diploma,247000
121,GED or alternative credential,706000
672,Pre-degree college,475000
10,N/A,1034000
778,Masters degree,733000
168,Associates degree,572000
163,Pre-degree college,637000
533,Bachelors degree,607000
370,GED or alternative credential,290000
591,Associates degree,433000
246,GED or alternative credential,243000
131,Masters degree,994000
41,Masters degree,1161000
379,Associates degree,376000
105,Pre-degree college,710000
740,Regular high school diploma,260000
397,Masters degree,787000
237,N/A,674000
362,Associates degree,356000
269,Regular high school diploma,565000
246,Associates degree,389000
1128,Pre-diploma grade,237000
102,Pre-degree college,647000
722,Pre-diploma grade,170000
244,Masters degree,822000
316,Bachelors degree,1085000
131,GED or alternative credential,568000
171,GED or alternative credential,383000
35,Regular high school diploma,944000
486,Regular high school diploma,475000
447,Regular high school diploma,719000
395,Associates degree,366000
149,GED or alternative credential,425000
97,Associates degree,726000
43,Bachelors degree,1051000
355,GED or alternative credential,277000
2499,Masters degree,465000
301,N/A,553000
75,GED or alternative credential,406000
6,Pre-degree college,1049000
66,Masters degree,1035000
31,Pre-degree college,862000
919,N/A,507000
870,Pre-degree college,447000
84,Pre-degree college,731000
108,Associates degree,625000
693,Associates degree,297000
413,Masters degree,751000
580,Pre-diploma grade,211000
325,Regular high school diploma,640000
39,Associates degree,747000
215,Pre-diploma grade,430000
303,Bachelors degree,872000
158,Pre-diploma grade,382000
79,Pre-degree college,756000
171,Pre-degree college,667000
217,Associates degree,374000
107,Pre-diploma grade,754000
73,N/A,822000
890,Masters degree,690000
677,Regular high school diploma,374000
922,Regular high school diploma,356000
476,Regular high school diploma,420000
12,Masters degree,1403000
34,Pre-diploma grade,693000
312,N/A,492000
768,Pre-diploma grade,319000
48,Regular high school diploma,708000
12,N/A,994000
107,Masters degree,915000
244,N/A,659000
402,GED or alternative credential,418000
212,Associates degree,589000
153,GED or alternative credential,390000
201,Associates degree,502000
464,N/A,359000
15,Regular high school diploma,1028000
235,Pre-diploma grade,496000
541,Associates degree,259000
90,Pre-degree college,687000
156,N/A,704000
113,Pre-degree college,877000
500,Associates degree,294000
56,N/A,723000
559,N/A,468000
56,N/A,846000
180,N/A,596000
22,Associates degree,695000
344,N/A,526000
1210,Regular high school diploma,494000
509,Associates degree,298000
65,GED or alternative credential,415000
50,GED or alternative credential,622000
253,Regular high school diploma,422000
433,Pre-diploma grade,306000
79,Regular high school diploma,625000
136,GED or alternative credential,450000
54,Regular high school diploma,648000
139,Masters degree,878000
71,GED or alternative credential,759000
26,N/A,1105000
695,Bachelors degree,740000
339,Pre-diploma grade,361000
111,Bachelors degree,939000
37,Pre-degree college,852000
295,GED or alternative credential,407000
575,Pre-diploma grade,187000
131,Pre-degree college,599000
617,Associates degree,281000
276,Pre-diploma grade,471000
215,GED or alternative credential,334000
675,N/A,517000
513,Bachelors degree,761000
374,Pre-degree college,547000
37,Bachelors degree,916000
81,Pre-degree college,808000
130,Masters degree,922000
637,Bachelors degree,736000
23,Bachelors degree,1272000
306,N/A,557000
209,Bachelors degree,828000
125,Pre-diploma grade,305000
41,Pre-diploma grade,556000
155,Pre-diploma grade,513000
359,N/A,465000
140,Bachelors degree,938000
85,Pre-diploma grade,413000
112,Pre-degree college,621000
169,Masters degree,889000
465,Associates degree,494000
537,N/A,377000
159,Pre-degree college,720000
205,Pre-diploma grade,395000
25,Masters degree,1099000
157,Associates degree,563000
232,Masters degree,815000
19,Bachelors degree,1207000
485,GED or alternative credential,272000
258,Associates degree,329000
67,Regular high school diploma,784000
78,Associates degree,687000
224,N/A,732000
148,Pre-diploma grade,309000
405,N/A,727000
380,Pre-degree college,640000
19,Regular high school diploma,756000
315,Associates degree,535000
175,Masters degree,901000
70,Pre-degree college,686000
43,Bachelors degree,1075000
91,Associates degree,583000
437,GED or alternative credential,199000
60,Pre-diploma grade,403000
444,Bachelors degree,845000
172,Associates degree,547000
370,Bachelors degree,683000
481,N/A,477000
332,Bachelors degree,893000
59,Masters degree,1237000
36,Bachelors degree,1706000
108,Masters degree,971000
15,N/A,976000
193,Pre-diploma grade,509000
271,Pre-degree college,857000
149,Masters degree,918000
385,Associates degree,347000
63,Regular high school diploma,710000
293,Regular high school diploma,508000
755,Pre-degree college,563000
116,N/A,624000
124,GED or alternative credential,566000
29,Pre-degree college,823000
80,Bachelors degree,1167000
43,Associates degree,719000
252,GED or alternative credential,266000
153,Pre-diploma grade,642000
54,Regular high school diploma,695000
401,N/A,641000
77,Associates degree,524000
76,Regular high school diploma,731000
144,Regular high school diploma,549000
48,Bachelors degree,970000
69,N/A,1014000
10,Associates degree,620000
270,Associates degree,420000
11,Bachelors degree,1190000
10,Pre-diploma grade,539000
19,GED or alternative credential,656000
14,Pre-diploma grade,735000
42,Pre-degree college,708000
128,Masters degree,972000
286,Regular high school diploma,589000
304,N/A,429000
44,Pre-degree college,718000
11,N/A,1147000
239,Pre-diploma grade,399000
61,Pre-diploma grade,650000
240,GED or alternative credential,226000
176,Masters degree,869000
118,Masters degree,937000
161,GED or alternative credential,364000
20,Pre-diploma grade,411000
172,GED or alternative credential,436000
14,Bachelors degree,955000
6,Masters degree,1198000
15,Regular high school diploma,877000
42,N/A,816000
15,GED or alternative credential,717000
142,N/A,817000
108,GED or alternative credential,273000
61,GED or alternative credential,487000
65,Masters degree,1196000
635,Pre-diploma grade,489000
123,Regular high school diploma,621000
291,Associates degree,577000
43,GED or alternative credential,304000
136,Pre-diploma grade,473000
27,Pre-degree college,707000
73,Regular high school diploma,857000
65,Bachelors degree,950000
246,N/A,660000
16,Regular high school diploma,862000
49,Associates degree,578000
63,GED or alternative credential,354000
56,Masters degree,980000
91,GED or alternative credential,386000
9,Regular high school diploma,993000
101,Bachelors degree,957000
181,Pre-degree college,625000
75,Pre-diploma grade,404000
74,Pre-diploma grade,254000
55,Associates degree,718000
163,GED or alternative credential,388000
91,Associates degree,615000
132,Pre-degree college,695000
344,Regular high school diploma,782000
331,Associates degree,447000
225,N/A,616000
200,Masters degree,816000
167,N/A,690000
54,N/A,878000
24,Bachelors degree,1258000
170,N/A,778000
7,GED or alternative credential,798000
221,GED or alternative credential,308000
33,GED or alternative credential,591000
187,Pre-diploma grade,701000
164,Associates degree,508000
82,Masters degree,1222000
14,Masters degree,1678000
27,Masters degree,1178000
194,Pre-degree college,549000
42,Pre-degree college,885000
79,Associates degree,446000
28,Associates degree,708000
89,N/A,884000
21,Associates degree,737000
30,N/A,1288000
22,Regular high school diploma,775000
45,Bachelors degree,1162000
22,GED or alternative credential,824000
108,GED or alternative credential,523000
187,Associates degree,549000
13,Bachelors degree,1434000
34,N/A,777000
14,Pre-degree college,1202000
45,N/A,937000
104,Pre-diploma grade,435000
5,Pre-degree college,1554000
21,N/A,922000
68,Associates degree,640000
12,Bachelors degree,1256000
42,Associates degree,599000
208,GED or alternative credential,291000
87,Pre-degree college,1097000
78,Pre-degree college,648000
282,Regular high school diploma,615000
39,Bachelors degree,929000
314,N/A,738000
86,Pre-diploma grade,608000
74,N/A,901000
23,Regular high school diploma,981000
6,GED or alternative credential,1032000
150,Pre-degree college,839000
54,Bachelors degree,1119000
64,Bachelors degree,1195000
53,Masters degree,997000
123,Regular high school diploma,667000
16,Bachelors degree,1149000
47,Bachelors degree,1112000
12,Pre-diploma grade,1156000
51,Associates degree,637000
10,Masters degree,1590000
48,Regular high school diploma,808000
27,N/A,942000
67,N/A,1131000
173,Pre-degree college,584000
38,Regular high school diploma,686000
12,Pre-diploma grade,709000
27,Masters degree,1560000
3,Regular high school diploma,967000
1,N/A,915000
71,N/A,787000
157,Masters degree,1136000
37,Bachelors degree,1181000
16,GED or alternative credential,594000
25,Masters degree,973000
66,Pre-degree college,747000
42,Bachelors degree,947000
80,Pre-diploma grade,597000
20,Masters degree,1147000
74,Pre-diploma grade,581000
139,Bachelors degree,1048000
124,Associates degree,565000
23,Bachelors degree,1126000
63,Masters degree,1361000
94,Masters degree,1018000
35,Regular high school diploma,583000
61,Pre-degree college,620000
10,Regular high school diploma,803000
91,GED or alternative credential,847000
16,Masters degree,1430000
11,Masters degree,1060000
87,GED or alternative credential,349000
45,N/A,914000
47,Regular high school diploma,737000
122,Bachelors degree,990000
9,Masters degree,1494000
11,Pre-diploma grade,940000
117,Masters degree,1059000
43,Bachelors degree,1128000
27,N/A,1035000
38,N/A,1134000
19,Pre-diploma grade,618000
22,Pre-diploma grade,796000
106,N/A,-5000
34,N/A,869000
12,Bachelors degree,1319000
45,Regular high school diploma,637000
35,Masters degree,1288000
62,Associates degree,710000
29,Regular high school diploma,979000
112,Associates degree,621000
15,Bachelors degree,1182000
18,N/A,1136000
41,Associates degree,731000
44,N/A,679000
29,Pre-degree college,803000
76,N/A,751000
35,Associates degree,667000
76,Associates degree,648000
45,Pre-degree college,944000
4,Bachelors degree,1123000
71,Bachelors degree,1046000
39,Regular high school diploma,969000
55,Bachelors degree,881000
35,N/A,762000
60,Pre-degree college,830000
145,Bachelors degree,875000
58,GED or alternative credential,327000
12,Associates degree,860000
25,N/A,936000
38,Regular high school diploma,856000
20,Pre-degree college,981000
15,Pre-degree college,1169000
110,Associates degree,1102000
97,Bachelors degree,802000
28,Masters degree,1377000
6,Masters degree,1034000
30,N/A,1100000
14,Regular high school diploma,696000
19,Bachelors degree,1197000
12,Associates degree,808000
20,Bachelors degree,1003000
81,Pre-degree college,775000
38,Pre-diploma grade,685000
8,Pre-degree college,948000
14,Bachelors degree,1424000
13,Associates degree,775000
40,Pre-diploma grade,501000
67,Bachelors degree,1088000
26,Pre-degree college,696000
9,Masters degree,1062000
23,Regular high school diploma,620000
34,Bachelors degree,1426000
41,GED or alternative credential,342000
87,Masters degree,1263000
14,GED or alternative credential,996000
14,Regular high school diploma,935000
26,Pre-diploma grade,602000
27,Bachelors degree,1344000
66,Associates degree,584000
25,Pre-degree college,967000
24,Pre-degree college,1236000
13,Pre-degree college,935000
35,Regular high school diploma,707000
34,GED or alternative credential,1072000
22,GED or alternative credential,766000
75,Masters degree,976000
77,GED or alternative credential,688000
28,Bachelors degree,1264000
48,Pre-diploma grade,752000
6,Pre-degree college,1031000
2,Regular high school diploma,1031000
12,Pre-diploma grade,636000
18,Pre-degree college,1163000
24,Regular high school diploma,885000
2,Pre-diploma grade,745000
7,Pre-degree college,1020000
33,Regular high school diploma,839000
19,Bachelors degree,1326000
22,Masters degree,1255000
9,Regular high school diploma,830000
15,Regular high school diploma,1049000
10,Pre-degree college,1118000
28,Masters degree,1134000
11,Pre-diploma grade,1043000
23,Associates degree,756000
16,Associates degree,852000
10,Associates degree,784000
28,Pre-diploma grade,1129000
10,Pre-degree college,921000
54,Regular high school diploma,687000
11,N/A,960000
11,N/A,1263000
12,Bachelors degree,1135000
8,Bachelors degree,1066000
10,Pre-degree college,842000
8,GED or alternative credential,537000
33,Pre-diploma grade,598000
14,Pre-diploma grade,628000
5,Pre-diploma grade,623000
9,Bachelors degree,1033000
19,Pre-degree college,1569000
6,Bachelors degree,1536000
34,GED or alternative credential,428000
25,GED or alternative credential,525000
10,Bachelors degree,1189000
33,N/A,971000
10,Pre-degree college,1008000
9,Associates degree,839000
10,Associates degree,1097000
9,Pre-degree college,860000
12,Bachelors degree,1555000
35,GED or alternative credential,658000
4,Masters degree,1214000
11,Pre-degree college,969000
14,N/A,836000
85,GED or alternative credential,600000
9,Masters degree,1185000
7,Bachelors degree,1265000
22,N/A,1196000
10,Regular high school diploma,1110000
31,Pre-diploma grade,1328000
10,N/A,1050000
16,Bachelors degree,1106000
18,GED or alternative credential,654000
6,GED or alternative credential,432000
14,Pre-diploma grade,713000
24,Regular high school diploma,1510000
2,GED or alternative credential,408000
16,Associates degree,856000
35,GED or alternative credential,1025000
1,Pre-diploma grade,864000
17,GED or alternative credential,646000
7,N/A,1059000
2,N/A,1222000
1,Pre-degree college,1462000
24,Associates degree,823000
15,Associates degree,1028000
10,N/A,911000
6,N/A,907000
25,Pre-degree college,1101000
9,Pre-diploma grade,649000
22,Pre-diploma grade,545000
12,Pre-diploma grade,953000
27459285,N/A,NA
751190,Regular high school diploma,41000
14066766,Pre-diploma grade,0
469972,Regular high school diploma,50000
211358,Masters degree,95000
929054,Regular high school diploma,2000
154497,Bachelors degree,92000
608751,Bachelors degree,52000
890660,Regular high school diploma,19000
552784,Pre-diploma grade,8000
129630,Masters degree,156000
865889,Pre-degree college,6000
15354,Masters degree,192000
464514,Pre-degree college,50000
932215,Regular high school diploma,28000
317321,Pre-degree college,83000
533373,Pre-diploma grade,17000
99255,Regular high school diploma,79000
503950,Bachelors degree,58000
683946,Pre-degree college,41000
323706,Bachelors degree,81000
81317,Regular high school diploma,116000
671122,Regular high school diploma,5000
750090,Pre-degree college,29000
653260,Pre-degree college,19000
151528,Masters degree,11000
319404,Pre-diploma grade,20000
856151,Regular high school diploma,6000
63881,Masters degree,124000
293663,Associates degree,41000
925394,Regular high school diploma,26000
715117,Pre-diploma grade,3000
956176,Pre-degree college,2000
507510,Pre-degree college,57000
239461,Pre-degree college,54000
222935,Pre-degree college,75000
308903,Bachelors degree,60000
115348,Masters degree,32000
711077,Pre-degree college,26000
288449,Associates degree,29000
64960,Associates degree,111000
947231,Regular high school diploma,29000
3948,N/A,192000
141012,Masters degree,55000
720944,Pre-degree college,28000
388758,Bachelors degree,51000
28452,GED or alternative credential,72000
361495,Bachelors degree,10000
21419,N/A,167000
380238,Pre-degree college,44000
226594,Regular high school diploma,54000
191230,N/A,11000
149463,Pre-degree college,91000
219947,Associates degree,19000
207317,Bachelors degree,97000
128072,Pre-degree college,79000
76598,Bachelors degree,133000
31618,Masters degree,149000
722389,Pre-degree college,5000
124435,Pre-degree college,76000
40540,Regular high school diploma,115000
131067,Masters degree,38000
163862,GED or alternative credential,21000
117684,Bachelors degree,178000
278477,Pre-diploma grade,30000
167227,Associates degree,44000
6061,Pre-diploma grade,-1000
68,Masters degree,1133000
136675,Bachelors degree,108000
912,Bachelors degree,681000
186768,Regular high school diploma,75000
250587,Associates degree,57000
79169,Associates degree,87000
228696,Pre-diploma grade,35000
3181,N/A,244000
131047,Masters degree,103000
90616,Pre-degree college,101000
189998,GED or alternative credential,13000
123026,Bachelors degree,102000
30704,Bachelors degree,197000
177072,Bachelors degree,139000
16860,Associates degree,131000
107192,Pre-degree college,116000
1982,Bachelors degree,408000
7063,N/A,149000
41036,Pre-degree college,148000
102791,Pre-degree college,84000
5284,Bachelors degree,436000
25461,Bachelors degree,175000
165398,Associates degree,5000
84933,Pre-diploma grade,63000
115678,Pre-degree college,111000
12540,Masters degree,256000
4611,Associates degree,195000
1690,Pre-degree college,295000
259347,Associates degree,26000
110899,Regular high school diploma,87000
265842,Associates degree,28000
82307,Bachelors degree,112000
433790,Pre-diploma grade,15000
272096,Regular high school diploma,83000
7440,Associates degree,153000
176634,Bachelors degree,85000
4912,Bachelors degree,371000
487269,Regular high school diploma,57000
420258,Bachelors degree,71000
122656,Associates degree,64000
526051,Pre-diploma grade,4000
24732,Bachelors degree,212000
73051,Regular high school diploma,84000
113355,N/A,14000
239720,Pre-degree college,64000
350752,Bachelors degree,22000
122157,GED or alternative credential,27000
39548,N/A,38000
7886,N/A,184000
211705,Bachelors degree,107000
98052,Masters degree,96000
112749,Regular high school diploma,91000
157348,Masters degree,14000
180675,Associates degree,83000
111792,Masters degree,167000
107983,GED or alternative credential,46000
222209,Associates degree,50000
61396,Pre-degree college,115000
51414,N/A,56000
57494,Pre-degree college,130000
392103,Regular high school diploma,44000
64681,Regular high school diploma,101000
33388,N/A,95000
113546,Associates degree,54000
81097,Associates degree,91000
258837,Masters degree,56000
401,Regular high school diploma,610000
23625,N/A,55000
211369,Regular high school diploma,64000
113095,Pre-degree college,99000
17719,Bachelors degree,334000
66957,Bachelors degree,223000
210959,Associates degree,6000
6731,Masters degree,247000
216219,Associates degree,2000
117,Associates degree,641000
2617,Masters degree,447000
261972,Bachelors degree,77000
8111,Masters degree,576000
50586,Masters degree,200000
3113,Pre-degree college,224000
25863,Associates degree,134000
124110,Associates degree,75000
545,Regular high school diploma,558000
70648,Associates degree,79000
19181,Regular high school diploma,131000
46111,N/A,32000
332,GED or alternative credential,225000
791,Regular high school diploma,283000
7197,N/A,158000
29864,Masters degree,158000
35072,Masters degree,209000
5411,Masters degree,356000
100349,Regular high school diploma,76000
3334,Masters degree,351000
177,Bachelors degree,851000
134590,GED or alternative credential,31000
48067,Pre-degree college,134000
3570,Regular high school diploma,201000
1271,N/A,259000
33991,Regular high school diploma,130000
13881,Pre-degree college,153000
8109,Pre-degree college,213000
1894,Associates degree,214000
5013,Masters degree,294000
17883,GED or alternative credential,69000
976,Bachelors degree,605000
803,Pre-degree college,558000
4411,N/A,183000
29,Masters degree,1350000
26253,Bachelors degree,193000
171673,GED or alternative credential,12000
6362,N/A,198000
22937,Bachelors degree,290000
20425,Associates degree,148000
59848,Masters degree,143000
67167,Masters degree,160000
48360,Associates degree,101000
7471,Bachelors degree,390000
8781,Masters degree,281000
50083,GED or alternative credential,68000
12301,Bachelors degree,266000
53672,Bachelors degree,157000
30799,Pre-degree college,131000
1374,Regular high school diploma,287000
2066,Masters degree,374000
658,N/A,563000
35588,Masters degree,184000
7282,Associates degree,147000
15926,N/A,96000
3214,Bachelors degree,561000
138486,Pre-degree college,87000
153,Associates degree,482000
23703,N/A,103000
3013,GED or alternative credential,154000
8727,GED or alternative credential,125000
15044,Pre-degree college,147000
1889,Pre-degree college,275000
16679,Masters degree,251000
698,Pre-degree college,454000
12554,GED or alternative credential,114000
26259,Masters degree,296000
59256,Associates degree,116000
55480,Associates degree,84000
78704,Regular high school diploma,99000
4768,Masters degree,298000
263,Pre-degree college,569000
15264,Bachelors degree,199000
25088,N/A,156000
12283,N/A,143000
177,Masters degree,877000
798,Bachelors degree,627000
36802,GED or alternative credential,78000
1052,Regular high school diploma,224000
66952,Associates degree,76000
9026,Bachelors degree,272000
32728,Masters degree,203000
31861,Masters degree,198000
4620,Masters degree,260000
81775,Regular high school diploma,111000
202,N/A,695000
4103,Masters degree,433000
41106,Pre-diploma grade,61000
29406,Associates degree,130000
28275,GED or alternative credential,62000
4229,Pre-degree college,214000
5741,Bachelors degree,443000
10454,Masters degree,662000
5481,Masters degree,286000
4403,Bachelors degree,277000
3803,Masters degree,726000
20027,Masters degree,183000
18925,Bachelors degree,239000
8573,Bachelors degree,308000
1164,Masters degree,707000
658,Regular high school diploma,516000
3680,Bachelors degree,566000
7806,N/A,209000
1401,Pre-degree college,287000
33529,Bachelors degree,152000
3175,Associates degree,217000
654,Bachelors degree,758000
63314,Associates degree,99000
107,Regular high school diploma,569000
406,N/A,578000
5478,Masters degree,259000
16107,Masters degree,210000
1491,Associates degree,285000
7160,Pre-degree college,201000
291,N/A,577000
413,Bachelors degree,923000
1008,Masters degree,737000
241,Associates degree,507000
35072,Associates degree,115000
6383,Bachelors degree,263000
39849,Pre-diploma grade,89000
412,Regular high school diploma,510000
1135,Pre-diploma grade,181000
292,Bachelors degree,786000
3108,Masters degree,376000
708,Bachelors degree,613000
5898,Masters degree,265000
2665,Masters degree,329000
900,Associates degree,-6000
9926,Pre-degree college,163000
5748,Regular high school diploma,163000
2897,Masters degree,563000
259,N/A,584000
2562,Regular high school diploma,202000
1605,Bachelors degree,450000
341,GED or alternative credential,554000
1433,Pre-degree college,343000
15062,N/A,160000
6114,GED or alternative credential,106000
2795,N/A,227000
8546,Bachelors degree,243000
5512,Bachelors degree,706000
425,N/A,572000
22230,Regular high school diploma,148000
4944,N/A,296000
607,Regular high school diploma,468000
7293,Bachelors degree,273000
223,N/A,637000
9172,GED or alternative credential,118000
188,Pre-diploma grade,362000
2567,Bachelors degree,409000
13336,Bachelors degree,226000
1627,Masters degree,584000
7474,Regular high school diploma,153000
4759,Pre-diploma grade,145000
155,Pre-diploma grade,483000
19,GED or alternative credential,638000
31325,Regular high school diploma,134000
3200,Pre-degree college,285000
1945,Bachelors degree,734000
335,Associates degree,552000
5948,Masters degree,297000
2796,Masters degree,389000
3406,Bachelors degree,349000
4312,Bachelors degree,304000
6661,Masters degree,782000
2983,Regular high school diploma,204000
4349,Masters degree,535000
4029,Bachelors degree,499000
13457,Bachelors degree,342000
2435,Bachelors degree,428000
4776,Bachelors degree,418000
1209,Pre-degree college,449000
3001,Masters degree,547000
31,Regular high school diploma,911000
3047,Masters degree,333000
85,Associates degree,727000
785,GED or alternative credential,159000
2806,Pre-diploma grade,146000
1755,Bachelors degree,567000
9666,N/A,200000
1002,Masters degree,708000
1444,GED or alternative credential,135000
880,Regular high school diploma,552000
5006,Bachelors degree,383000
612,Pre-degree college,394000
10144,Regular high school diploma,147000
4867,Bachelors degree,406000
803,Pre-degree college,507000
462,Regular high school diploma,470000
5949,Bachelors degree,291000
6622,Regular high school diploma,195000
3154,Pre-degree college,240000
6,Masters degree,1193000
1699,Masters degree,720000
949,N/A,494000
1963,Bachelors degree,432000
11960,Masters degree,227000
994,Masters degree,695000
10872,Pre-degree college,195000
1123,Masters degree,756000
519,Pre-degree college,610000
826,Bachelors degree,847000
1873,Pre-diploma grade,166000
1033,Bachelors degree,717000
3825,Pre-degree college,-6000
31,Associates degree,1131000
220,Associates degree,401000
992,Masters degree,857000
693,Associates degree,314000
417,Bachelors degree,691000
1683,Masters degree,599000
292,Bachelors degree,1025000
1941,Bachelors degree,402000
3289,N/A,251000
5801,Pre-diploma grade,142000
2270,Bachelors degree,425000
550,N/A,351000
3439,Pre-diploma grade,174000
1132,Bachelors degree,487000
4367,Associates degree,163000
842,Regular high school diploma,521000
9446,Bachelors degree,-3000
1336,Regular high school diploma,441000
884,N/A,433000
73,Pre-degree college,659000
2450,Masters degree,572000
4989,Masters degree,442000
443,Masters degree,696000
2921,Masters degree,719000
3238,Bachelors degree,364000
90,Pre-diploma grade,357000
1864,Pre-degree college,441000
4480,Bachelors degree,354000
1487,N/A,576000
362,GED or alternative credential,284000
3770,Associates degree,201000
3395,Bachelors degree,327000
884,Regular high school diploma,387000
130,Masters degree,1097000
2461,Bachelors degree,352000
897,Pre-diploma grade,207000
47,N/A,696000
4347,Masters degree,299000
4434,Pre-degree college,204000
972,N/A,260000
3489,Pre-degree college,267000
3230,Masters degree,422000
1617,Regular high school diploma,365000
760,Pre-degree college,482000
3601,Masters degree,341000
328,Associates degree,546000
11353,N/A,124000
1011,Pre-degree college,300000
2495,Masters degree,578000
14330,Masters degree,244000
63,N/A,808000
2496,Masters degree,508000
1035,Regular high school diploma,343000
1663,N/A,297000
1418,N/A,247000
216,Pre-degree college,770000
554,Associates degree,521000
320,Associates degree,519000
3289,N/A,210000
2146,Associates degree,204000
1086,Pre-diploma grade,179000
24,Masters degree,1031000
313,Regular high school diploma,738000
563,Associates degree,-5000
1434,Bachelors degree,525000
1984,Pre-degree college,268000
777,Masters degree,687000
3497,Masters degree,577000
600,Associates degree,343000
2433,Bachelors degree,386000
95,Associates degree,699000
205,Regular high school diploma,526000
448,Associates degree,310000
480,Associates degree,488000
909,Regular high school diploma,-5000
1173,Pre-degree college,310000
5784,Masters degree,512000
1147,Masters degree,667000
4361,Masters degree,479000
1032,Masters degree,625000
1181,N/A,265000
454,Pre-degree college,641000
387,Regular high school diploma,482000
5333,Masters degree,494000
2476,Pre-diploma grade,129000
2517,Masters degree,583000
1047,Bachelors degree,673000
1572,N/A,662000
1166,Pre-degree college,283000
2452,Regular high school diploma,-6000
374,N/A,341000
2804,Masters degree,347000
5420,Bachelors degree,568000
1043,Regular high school diploma,275000
201,Associates degree,468000
2105,Masters degree,565000
1149,Pre-diploma grade,194000
2271,Masters degree,524000
4606,Pre-degree college,202000
817,Regular high school diploma,440000
551,Bachelors degree,766000
19,Masters degree,1049000
2431,Regular high school diploma,214000
431,N/A,333000
1043,Regular high school diploma,414000
3639,Bachelors degree,396000
6218,Pre-degree college,217000
3962,Bachelors degree,415000
63,Pre-diploma grade,459000
603,Pre-degree college,470000
837,N/A,479000
739,Pre-degree college,359000
571,N/A,389000
1932,GED or alternative credential,126000
1013,Masters degree,475000
508,Masters degree,803000
248,Bachelors degree,956000
1182,Pre-degree college,546000
1407,Bachelors degree,523000
263,Pre-diploma grade,321000
1572,Pre-degree college,314000
1419,Associates degree,224000
777,N/A,535000
969,N/A,356000
879,Regular high school diploma,519000
2486,Regular high school diploma,217000
246,Associates degree,454000
518,Associates degree,400000
895,Pre-degree college,400000
2277,Masters degree,502000
786,Regular high school diploma,310000
4394,Regular high school diploma,213000
3179,Masters degree,589000
362,N/A,720000
780,Pre-diploma grade,261000
667,Regular high school diploma,400000
946,Masters degree,648000
234,Associates degree,423000
910,Masters degree,718000
255,Pre-diploma grade,230000
1595,Masters degree,549000
3471,Associates degree,213000
2162,Regular high school diploma,240000
186,GED or alternative credential,274000
6642,N/A,203000
347,Associates degree,449000
909,Pre-degree college,350000
955,Regular high school diploma,546000
1518,N/A,281000
2611,Pre-diploma grade,189000
858,Bachelors degree,594000
149,GED or alternative credential,562000
1035,Pre-degree college,429000
413,Regular high school diploma,377000
3015,Bachelors degree,388000
317,Bachelors degree,714000
1473,Pre-degree college,414000
613,Associates degree,336000
494,Regular high school diploma,401000
1034,Pre-degree college,552000
235,Associates degree,359000
481,N/A,726000
2450,Regular high school diploma,285000
489,Masters degree,967000
2373,Associates degree,202000
485,Regular high school diploma,465000
1973,Bachelors degree,591000
484,Regular high school diploma,337000
4600,Bachelors degree,407000
3049,Bachelors degree,658000
1110,Regular high school diploma,373000
1076,Pre-degree college,462000
405,Associates degree,365000
290,N/A,620000
78,Pre-degree college,1131000
1083,Pre-degree college,440000
259,Masters degree,862000
191,Pre-diploma grade,486000
501,Pre-degree college,517000
634,Pre-degree college,510000
1257,N/A,286000
400,Associates degree,268000
146,Regular high school diploma,553000
1037,Regular high school diploma,350000
477,Associates degree,377000
1186,Regular high school diploma,295000
14,Pre-degree college,972000
2159,Masters degree,420000
680,Pre-degree college,423000
1247,Masters degree,446000
2556,Masters degree,366000
493,N/A,583000
1613,Pre-degree college,365000
2326,Bachelors degree,759000
695,Pre-degree college,468000
1102,Regular high school diploma,336000
1878,Regular high school diploma,267000
1583,Pre-degree college,488000
469,Masters degree,944000
209,GED or alternative credential,196000
428,Pre-diploma grade,-7000
218,Regular high school diploma,477000
749,Pre-degree college,465000
270,N/A,708000
1465,Associates degree,267000
512,Associates degree,275000
763,Pre-degree college,461000
1521,Pre-degree college,644000
2360,Pre-diploma grade,141000
5,Masters degree,1244000
1404,Regular high school diploma,314000
7,N/A,1028000
2655,N/A,256000
27,GED or alternative credential,533000
760,Bachelors degree,600000
745,Regular high school diploma,423000
446,Pre-degree college,738000
1083,Pre-diploma grade,155000
189,Pre-degree college,922000
494,Regular high school diploma,429000
916,Pre-degree college,377000
319,N/A,524000
495,Pre-diploma grade,220000
191,GED or alternative credential,379000
152,Masters degree,1202000
314,Associates degree,462000
523,N/A,547000
408,Pre-degree college,457000
342,Associates degree,373000
619,N/A,374000
1379,Masters degree,647000
775,Associates degree,287000
132,Associates degree,477000
1228,Masters degree,621000
426,Associates degree,330000
704,Associates degree,300000
168,Associates degree,738000
671,N/A,782000
753,Bachelors degree,794000
490,Associates degree,387000
837,N/A,442000
392,Pre-diploma grade,249000
1194,Bachelors degree,780000
126,GED or alternative credential,564000
934,N/A,347000
61,Pre-diploma grade,358000
181,N/A,648000
247,Regular high school diploma,492000
297,Associates degree,644000
414,Pre-diploma grade,234000
312,Pre-degree college,526000
966,N/A,298000
303,Associates degree,414000
335,Pre-degree college,557000
1439,Pre-degree college,373000
2126,Bachelors degree,622000
443,Associates degree,558000
175,Bachelors degree,898000
506,N/A,366000
8,Bachelors degree,1341000
1050,Pre-degree college,337000
1100,Masters degree,-9000
78,Regular high school diploma,660000
2017,Masters degree,640000
339,N/A,502000
1120,Regular high school diploma,488000
247,Associates degree,394000
310,Regular high school diploma,457000
131,N/A,686000
33,Pre-diploma grade,453000
266,Associates degree,470000
136,GED or alternative credential,460000
1093,GED or alternative credential,161000
328,Pre-degree college,492000
1172,Pre-degree college,387000
1235,Masters degree,615000
1558,Bachelors degree,537000
415,Pre-diploma grade,302000
47,Regular high school diploma,787000
740,Bachelors degree,646000
132,Bachelors degree,1001000
926,Pre-degree college,-5000
260,Bachelors degree,798000
237,Regular high school diploma,727000
176,GED or alternative credential,385000
1476,Bachelors degree,656000
124,Masters degree,852000
321,Bachelors degree,742000
372,GED or alternative credential,544000
580,Pre-diploma grade,206000
218,Associates degree,337000
405,Associates degree,461000
799,Masters degree,747000
164,Pre-diploma grade,311000
190,Pre-diploma grade,276000
46,Associates degree,1105000
143,Pre-diploma grade,582000
700,Regular high school diploma,462000
294,Pre-diploma grade,245000
552,N/A,329000
1706,Associates degree,240000
524,Associates degree,441000
1011,Regular high school diploma,268000
890,N/A,299000
741,Regular high school diploma,449000
931,Pre-degree college,401000
465,Pre-degree college,484000
66,Associates degree,635000
162,N/A,475000
1901,Regular high school diploma,300000
76,N/A,842000
203,Masters degree,1071000
570,Masters degree,775000
319,Bachelors degree,688000
15,N/A,1419000
191,Pre-degree college,699000
136,GED or alternative credential,451000
160,Masters degree,1044000
738,Masters degree,620000
279,GED or alternative credential,269000
456,N/A,376000
206,Associates degree,793000
347,Masters degree,823000
28,Regular high school diploma,816000
85,Bachelors degree,874000
495,Masters degree,710000
55,Pre-diploma grade,456000
13,Pre-degree college,1099000
819,Regular high school diploma,454000
948,Pre-degree college,521000
108,Pre-diploma grade,246000
239,Pre-diploma grade,218000
318,Associates degree,429000
541,N/A,420000
73,Pre-degree college,679000
82,Bachelors degree,1630000
5,Pre-diploma grade,826000
360,Regular high school diploma,793000
1162,Masters degree,637000
502,Regular high school diploma,359000
1225,Pre-degree college,336000
236,Bachelors degree,876000
386,Associates degree,295000
123,Masters degree,969000
2,Associates degree,889000
37,Bachelors degree,905000
903,Regular high school diploma,461000
63,Bachelors degree,1072000
602,Masters degree,808000
753,N/A,512000
92,GED or alternative credential,592000
174,Bachelors degree,843000
249,Regular high school diploma,699000
281,Associates degree,517000
280,Masters degree,1110000
114,Pre-degree college,704000
463,GED or alternative credential,235000
402,Regular high school diploma,507000
633,N/A,422000
317,N/A,565000
1201,GED or alternative credential,168000
332,Masters degree,856000
103,Bachelors degree,1032000
708,Regular high school diploma,330000
53,Associates degree,624000
225,Bachelors degree,824000
1168,Regular high school diploma,644000
11,Bachelors degree,1142000
64,Masters degree,993000
49,Pre-diploma grade,555000
57,Regular high school diploma,635000
169,Bachelors degree,951000
1077,Pre-degree college,519000
98,Pre-degree college,616000
821,Masters degree,784000
246,GED or alternative credential,231000
164,Pre-diploma grade,307000
1464,Pre-diploma grade,228000
518,Associates degree,283000
161,Masters degree,842000
739,Bachelors degree,654000
512,Associates degree,350000
543,Masters degree,686000
109,Pre-diploma grade,543000
295,N/A,719000
418,N/A,589000
731,Pre-diploma grade,278000
866,Pre-degree college,330000
171,N/A,-9000
264,N/A,508000
318,N/A,549000
158,Pre-diploma grade,467000
112,Associates degree,553000
74,Pre-degree college,690000
69,Associates degree,690000
87,Masters degree,935000
433,Regular high school diploma,394000
13,GED or alternative credential,252000
85,Associates degree,616000
237,N/A,599000
338,Masters degree,839000
185,N/A,615000
119,N/A,737000
314,GED or alternative credential,491000
47,Pre-degree college,721000
291,Associates degree,510000
261,N/A,731000
257,Pre-diploma grade,431000
169,Pre-diploma grade,242000
122,N/A,857000
45,Pre-diploma grade,416000
69,Pre-diploma grade,570000
295,Associates degree,484000
296,Pre-diploma grade,318000
118,Bachelors degree,831000
242,N/A,640000
63,Regular high school diploma,704000
447,Pre-degree college,553000
58,Bachelors degree,1084000
124,Bachelors degree,952000
152,Pre-diploma grade,289000
374,Bachelors degree,1211000
100,Masters degree,1206000
266,GED or alternative credential,221000
219,GED or alternative credential,437000
514,Bachelors degree,1067000
520,Pre-degree college,477000
206,Associates degree,516000
286,N/A,718000
98,Associates degree,610000
225,Regular high school diploma,484000
83,Masters degree,981000
421,N/A,446000
33,Masters degree,1038000
72,Masters degree,1280000
329,Pre-diploma grade,216000
1006,Masters degree,731000
143,GED or alternative credential,288000
64,Bachelors degree,995000
135,GED or alternative credential,360000
180,GED or alternative credential,445000
1027,N/A,294000
31,GED or alternative credential,541000
55,GED or alternative credential,370000
400,Pre-degree college,793000
145,N/A,647000
135,Bachelors degree,1068000
53,N/A,784000
46,Bachelors degree,894000
94,Pre-degree college,983000
103,N/A,856000
6,Regular high school diploma,889000
104,N/A,747000
211,Pre-degree college,596000
67,Associates degree,733000
693,Pre-diploma grade,560000
49,GED or alternative credential,528000
16,Masters degree,1301000
36,Pre-diploma grade,805000
180,Pre-degree college,624000
16,Pre-degree college,1105000
32,Bachelors degree,1213000
675,N/A,447000
109,Bachelors degree,974000
35,Associates degree,721000
22,Masters degree,1470000
62,N/A,-4000
65,Masters degree,1221000
88,Pre-degree college,676000
80,Bachelors degree,1278000
10,Pre-degree college,801000
69,Associates degree,526000
251,Regular high school diploma,557000
38,Associates degree,674000
198,GED or alternative credential,317000
130,Masters degree,1240000
6,Pre-diploma grade,779000
14,Masters degree,1299000
240,Regular high school diploma,517000
46,Masters degree,1155000
209,Associates degree,465000
17,Bachelors degree,992000
167,Associates degree,457000
120,Pre-diploma grade,712000
78,Associates degree,596000
145,Regular high school diploma,778000
62,Regular high school diploma,674000
17,N/A,1240000
108,Associates degree,557000
20,Pre-degree college,911000
129,GED or alternative credential,248000
115,Masters degree,1163000
74,Regular high school diploma,596000
12,Pre-degree college,973000
146,GED or alternative credential,326000
65,GED or alternative credential,498000
148,Pre-diploma grade,381000
225,Associates degree,492000
47,Regular high school diploma,1179000
264,Pre-degree college,674000
19,Bachelors degree,899000
173,N/A,707000
188,Pre-diploma grade,293000
21,GED or alternative credential,392000
36,N/A,1169000
247,Bachelors degree,868000
58,Pre-degree college,635000
121,Masters degree,948000
18,Bachelors degree,996000
364,Masters degree,-4000
13,Pre-degree college,1034000
131,N/A,621000
205,Pre-diploma grade,346000
21,Pre-degree college,755000
104,Associates degree,755000
46,Bachelors degree,1017000
104,N/A,687000
252,Masters degree,885000
157,Bachelors degree,896000
8,Pre-degree college,822000
153,Pre-diploma grade,495000
13,Bachelors degree,1538000
39,Pre-degree college,787000
110,Pre-degree college,777000
168,N/A,803000
124,Regular high school diploma,624000
551,Pre-degree college,516000
134,GED or alternative credential,632000
40,Regular high school diploma,884000
204,Associates degree,440000
60,N/A,710000
231,Pre-diploma grade,448000
80,Bachelors degree,1233000
157,Pre-degree college,778000
55,Pre-diploma grade,730000
15,Bachelors degree,1095000
40,Masters degree,1102000
19,Regular high school diploma,936000
15,Bachelors degree,1504000
3,Pre-degree college,1138000
303,N/A,667000
23,Masters degree,1357000
31,N/A,969000
149,Pre-diploma grade,393000
4,N/A,1236000
6,N/A,1150000
177,Pre-degree college,727000
7,Associates degree,915000
60,Pre-degree college,816000
50,Masters degree,1510000
25,Pre-degree college,907000
186,Pre-diploma grade,301000
90,Pre-degree college,733000
74,Masters degree,1169000
66,Pre-diploma grade,469000
52,Pre-diploma grade,480000
143,Masters degree,860000
51,Pre-degree college,844000
20,Regular high school diploma,659000
15,Pre-diploma grade,760000
27,Regular high school diploma,770000
141,Bachelors degree,1235000
324,Regular high school diploma,641000
16,Regular high school diploma,1361000
59,Masters degree,1187000
99,Bachelors degree,825000
10,Masters degree,1150000
13,Masters degree,1092000
42,Pre-degree college,723000
31,Pre-degree college,901000
40,Bachelors degree,1041000
200,Pre-diploma grade,716000
106,Pre-degree college,815000
55,Pre-degree college,915000
40,Regular high school diploma,994000
23,Masters degree,1419000
50,Regular high school diploma,616000
109,GED or alternative credential,631000
21,Bachelors degree,1412000
32,GED or alternative credential,505000
106,Masters degree,979000
27,Masters degree,1058000
62,Regular high school diploma,733000
7,Pre-diploma grade,920000
52,Regular high school diploma,721000
108,GED or alternative credential,312000
22,N/A,877000
98,GED or alternative credential,531000
52,GED or alternative credential,551000
34,N/A,839000
81,N/A,625000
35,Masters degree,1008000
41,Masters degree,1118000
20,Pre-diploma grade,606000
527,Masters degree,830000
78,Bachelors degree,931000
19,Bachelors degree,1709000
81,N/A,967000
35,Regular high school diploma,836000
52,N/A,1301000
45,Associates degree,817000
3,Bachelors degree,1168000
20,Pre-diploma grade,1241000
36,Regular high school diploma,1214000
27,GED or alternative credential,474000
29,GED or alternative credential,258000
105,Pre-diploma grade,506000
33,Associates degree,777000
99,Pre-degree college,1014000
90,Regular high school diploma,960000
48,Masters degree,1020000
61,Pre-diploma grade,651000
19,Bachelors degree,1267000
45,Bachelors degree,991000
18,Pre-diploma grade,586000
28,GED or alternative credential,444000
265,Pre-degree college,817000
30,Regular high school diploma,1030000
77,Masters degree,1307000
419,Bachelors degree,827000
9,Regular high school diploma,972000
11,Masters degree,1615000
59,N/A,775000
33,Bachelors degree,895000
17,Pre-degree college,732000
13,N/A,1049000
157,Pre-degree college,660000
13,N/A,1008000
20,GED or alternative credential,607000
5,N/A,1118000
28,Regular high school diploma,844000
52,Pre-degree college,1060000
29,Associates degree,723000
36,Pre-degree college,937000
82,Pre-diploma grade,427000
34,Bachelors degree,1192000
20,Pre-degree college,751000
162,Masters degree,1028000
93,Pre-diploma grade,503000
20,Pre-diploma grade,529000
6,GED or alternative credential,655000
10,Pre-degree college,1147000
60,Masters degree,1236000
56,GED or alternative credential,375000
8,N/A,1117000
142,N/A,756000
10,Regular high school diploma,755000
11,Associates degree,960000
10,Bachelors degree,1353000
22,Masters degree,1396000
23,Regular high school diploma,918000
41,Pre-diploma grade,345000
45,N/A,862000
18,Pre-degree college,936000
21,Bachelors degree,1016000
15,Bachelors degree,1250000
83,Regular high school diploma,762000
38,Associates degree,890000
34,Regular high school diploma,777000
23,Regular high school diploma,915000
44,Masters degree,1117000
17,Bachelors degree,1623000
69,Pre-degree college,914000
22,Pre-diploma grade,452000
35,Pre-degree college,890000
13,Pre-degree college,836000
15,GED or alternative credential,773000
50,Pre-degree college,800000
7,Bachelors degree,870000
21,Bachelors degree,1194000
67,Regular high school diploma,676000
55,Masters degree,1325000
69,Regular high school diploma,1131000
10,Associates degree,983000
25,Pre-degree college,1214000
13,GED or alternative credential,1003000
136,Pre-degree college,762000
161,GED or alternative credential,669000
31,Masters degree,921000
38,Regular high school diploma,983000
10,Associates degree,770000
23,Masters degree,1077000
71,Associates degree,679000
16,GED or alternative credential,550000
16,N/A,830000
52,Associates degree,660000
22,Masters degree,1103000
31,Pre-degree college,994000
3,Bachelors degree,1585000
74,Masters degree,1101000
23,Pre-diploma grade,601000
18,Pre-diploma grade,767000
36,Bachelors degree,1021000
35,Masters degree,1309000
56,Masters degree,1079000
6,Pre-diploma grade,966000
61,Pre-diploma grade,1656000
40,Pre-degree college,1062000
34,N/A,944000
36,Associates degree,569000
8,Masters degree,1462000
3,GED or alternative credential,683000
9,N/A,981000
8,Bachelors degree,1277000
28,Associates degree,778000
106,Pre-degree college,982000
219,GED or alternative credential,410000
28,N/A,885000
12,Masters degree,1287000
10,Masters degree,1209000
16,Associates degree,869000
9,Associates degree,787000
17,Pre-degree college,846000
6,GED or alternative credential,1112000
84,Pre-diploma grade,1291000
22,Regular high school diploma,800000
11,Regular high school diploma,1138000
33,Bachelors degree,1257000
16,Masters degree,1063000
13,Pre-diploma grade,534000
10,Pre-diploma grade,764000
14,Associates degree,1178000
35,GED or alternative credential,663000
14,N/A,860000
41,Regular high school diploma,1255000
34,Masters degree,1421000
191,Regular high school diploma,973000
25,N/A,1110000
4,Masters degree,1804000
24,Regular high school diploma,890000
86,Regular high school diploma,942000
15,Pre-diploma grade,829000
19,Bachelors degree,1052000
20,Associates degree,659000
14,Pre-degree college,884000
16,Regular high school diploma,1146000
7,Bachelors degree,1122000
14,Regular high school diploma,1105000
87,Bachelors degree,1199000
18,Regular high school diploma,914000
27,Pre-degree college,869000
10,Bachelors degree,1425000
6,Pre-degree college,1577000
21,N/A,1155000
19,Regular high school diploma,751000
7,Masters degree,1786000
12,GED or alternative credential,814000
27,Bachelors degree,1653000
31,GED or alternative credential,1167000
16,Bachelors degree,1219000
13,Pre-diploma grade,680000
19,Associates degree,884000
24,Regular high school diploma,723000
30,Bachelors degree,1259000
10,Associates degree,816000
21,Bachelors degree,1069000
14,Bachelors degree,1191000
19,Masters degree,1239000
14,GED or alternative credential,724000
13,Regular high school diploma,1059000
8,N/A,852000
55,Regular high school diploma,732000
20,Regular high school diploma,679000
18,Regular high school diploma,822000
12,GED or alternative credential,850000
2,Associates degree,815000
29,Bachelors degree,1225000
24,Masters degree,1145000
8,Associates degree,942000
12,N/A,1206000
55,Pre-diploma grade,892000
6,Pre-diploma grade,849000
4,Associates degree,844000
21,Associates degree,836000
12,Pre-degree college,942000
13,N/A,1202000
13,Associates degree,704000
24,Pre-degree college,1288000
545166,Pre-degree college,39000
3537006,Bachelors degree,0
148949,Regular high school diploma,74000
602044,Regular high school diploma,39000
559329,Bachelors degree,63000
24893,N/A,100000
265670,Bachelors degree,61000
60500,Pre-degree college,98000
2094,Pre-degree college,292000
277769,Bachelors degree,4000
27949,Pre-degree college,171000
703875,Regular high school diploma,25000
282166,Bachelors degree,20000
177881,Masters degree,53000
140012,Associates degree,48000
402245,Bachelors degree,35000
474814,Bachelors degree,17000
323927,Pre-diploma grade,22000
538140,Pre-degree college,25000
51312,GED or alternative credential,49000
230100,Associates degree,39000
820423,Pre-diploma grade,10000
173518,Pre-degree college,74000
32685,Bachelors degree,155000
40038,GED or alternative credential,70000
869185,Regular high school diploma,33000
152118,GED or alternative credential,9000
324454,Regular high school diploma,48000
197927,Masters degree,36000
149364,Masters degree,66000
317164,Pre-degree college,48000
3787,Masters degree,324000
4229,Bachelors degree,467000
134816,GED or alternative credential,24000
162921,GED or alternative credential,23000
28044,Masters degree,313000
382878,Bachelors degree,30000
282415,Pre-degree college,65000
36172,Masters degree,132000
480058,Bachelors degree,89000
129425,Bachelors degree,145000
18572,Masters degree,255000
920,Associates degree,292000
117119,Pre-degree college,82000
34670,Pre-diploma grade,81000
95203,Bachelors degree,174000
185731,Masters degree,80000
708527,Pre-degree college,33000
60467,Bachelors degree,189000
103051,GED or alternative credential,42000
88916,N/A,1000
315062,Bachelors degree,8000
54263,Pre-degree college,137000
29534,Regular high school diploma,117000
7437,Masters degree,323000
283169,Associates degree,33000
227602,Masters degree,67000
89550,GED or alternative credential,45000
42605,Regular high school diploma,98000
90630,N/A,7000
7780,Bachelors degree,716000
91456,Bachelors degree,146000
116332,Pre-degree college,94000
23566,Bachelors degree,206000
108642,Masters degree,128000
151921,Masters degree,100000
324865,Bachelors degree,3000
10966,Bachelors degree,216000
60694,Bachelors degree,228000
62023,Bachelors degree,166000
9190,Masters degree,540000
96380,Pre-diploma grade,58000
107636,Masters degree,7000
93098,Associates degree,74000
32528,Associates degree,98000
24799,Associates degree,120000
152962,Masters degree,86000
4697,Masters degree,339000
156222,GED or alternative credential,16000
103186,GED or alternative credential,34000
10939,N/A,123000
144468,Masters degree,43000
92289,GED or alternative credential,40000
70669,N/A,18000
7347,Pre-diploma grade,139000
25885,Regular high school diploma,136000
64485,Associates degree,94000
97718,GED or alternative credential,47000
51345,Pre-diploma grade,60000
25846,Masters degree,191000
11997,Pre-degree college,186000
145805,Associates degree,65000
15823,Pre-degree college,188000
142091,Pre-diploma grade,52000
292580,Bachelors degree,15000
36925,Masters degree,205000
10046,Masters degree,698000
9399,N/A,177000
24823,Masters degree,176000
150096,Masters degree,93000
1771,Bachelors degree,456000
10752,GED or alternative credential,88000
37361,Bachelors degree,194000
48986,Pre-degree college,117000
22274,Bachelors degree,245000
11241,Bachelors degree,218000
194627,Associates degree,25000
56604,Bachelors degree,129000
118630,Bachelors degree,142000
43350,Masters degree,177000
3207,Bachelors degree,570000
24404,Associates degree,136000
4736,Masters degree,367000
20908,Bachelors degree,220000
28969,N/A,80000
73,GED or alternative credential,399000
23190,Masters degree,229000
5267,GED or alternative credential,105000
16121,Regular high school diploma,151000
58214,Pre-diploma grade,71000
33150,GED or alternative credential,73000
243519,Regular high school diploma,65000
12324,Bachelors degree,230000
112027,Masters degree,18000
44426,Pre-degree college,136000
60422,Bachelors degree,141000
17086,Pre-degree college,208000
85830,Regular high school diploma,94000
48636,Bachelors degree,261000
28468,Masters degree,169000
25363,Bachelors degree,207000
71404,N/A,36000
2269,Masters degree,490000
10214,N/A,119000
1064,N/A,270000
11799,Regular high school diploma,140000
32572,Regular high school diploma,137000
6094,Associates degree,186000
52101,Masters degree,123000
3180,Regular high school diploma,219000
128218,Masters degree,1000
93893,Pre-diploma grade,51000
93567,Regular high school diploma,82000
3149,N/A,215000
20573,N/A,128000
33427,N/A,43000
62781,Associates degree,82000
19086,Bachelors degree,234000
1289,Regular high school diploma,320000
38023,N/A,67000
60379,GED or alternative credential,59000
321,Bachelors degree,880000
14271,Masters degree,238000
1655,GED or alternative credential,127000
20428,GED or alternative credential,104000
21824,N/A,66000
1061,Pre-degree college,466000
10347,Pre-degree college,232000
8197,N/A,205000
28039,Associates degree,137000
23498,N/A,93000
420,Associates degree,464000
2656,Bachelors degree,345000
57774,Masters degree,121000
7188,Bachelors degree,289000
7878,Bachelors degree,242000
28712,Regular high school diploma,120000
2813,Bachelors degree,321000
8476,Bachelors degree,-1000
2812,Associates degree,219000
24972,Bachelors degree,179000
12146,Pre-diploma grade,107000
9719,Associates degree,162000
36083,Bachelors degree,278000
10113,Regular high school diploma,208000
26695,Associates degree,117000
13253,Pre-degree college,172000
20668,Pre-degree college,140000
6833,Regular high school diploma,232000
1309,Bachelors degree,529000
8155,Regular high school diploma,188000
31031,Masters degree,180000
14940,Associates degree,151000
7660,Associates degree,208000
10716,Bachelors degree,302000
1552,Bachelors degree,582000
3090,Bachelors degree,311000
1342,Masters degree,609000
2743,Masters degree,504000
491,N/A,324000
26942,Pre-degree college,151000
3194,Masters degree,652000
47944,Pre-degree college,120000
4649,Masters degree,303000
9355,Bachelors degree,246000
1214,Pre-degree college,464000
959,Masters degree,665000
6938,Masters degree,542000
25913,Pre-diploma grade,77000
132,Masters degree,934000
504,Associates degree,412000
62650,GED or alternative credential,37000
1416,N/A,323000
15547,Masters degree,257000
22583,Bachelors degree,181000
22540,N/A,86000
6648,GED or alternative credential,109000
544,Regular high school diploma,476000
2172,Associates degree,250000
410,Pre-degree college,611000
13018,Pre-diploma grade,97000
544,Pre-diploma grade,425000
688,Masters degree,702000
4063,Bachelors degree,318000
2935,Bachelors degree,448000
5329,Masters degree,340000
325,Bachelors degree,764000
5506,Masters degree,270000
4213,Masters degree,353000
534,Regular high school diploma,485000
5874,GED or alternative credential,122000
56658,Masters degree,119000
3143,Masters degree,455000
13229,Regular high school diploma,162000
4591,Masters degree,397000
2471,Bachelors degree,357000
7046,Bachelors degree,276000
15013,Bachelors degree,560000
4624,Masters degree,463000
22565,Pre-degree college,162000
2182,Bachelors degree,483000
5130,Pre-diploma grade,112000
7476,Pre-diploma grade,102000
1428,Pre-degree college,236000
237,Pre-diploma grade,415000
4357,Masters degree,478000
92,Pre-diploma grade,759000
13564,Associates degree,171000
11754,Pre-diploma grade,92000
6214,Bachelors degree,301000
6323,Associates degree,172000
29691,Masters degree,173000
4804,Masters degree,331000
814,Bachelors degree,606000
30361,N/A,53000
19,Masters degree,1390000
7150,Masters degree,325000
35,Bachelors degree,1013000
722,Pre-diploma grade,407000
9302,Masters degree,538000
1842,N/A,257000
4784,Bachelors degree,293000
2299,Bachelors degree,416000
2278,Bachelors degree,503000
5426,N/A,173000
3694,Masters degree,438000
5213,N/A,176000
7168,Masters degree,643000
49,Pre-diploma grade,734000
2275,Masters degree,439000
2448,Masters degree,792000
165,Masters degree,954000
309,N/A,792000
879,Regular high school diploma,338000
5905,N/A,169000
8190,Regular high school diploma,186000
1496,Masters degree,575000
1504,Masters degree,481000
29,Pre-diploma grade,868000
1649,Bachelors degree,431000
3903,Bachelors degree,362000
5172,N/A,229000
458,GED or alternative credential,190000
1609,GED or alternative credential,138000
2843,GED or alternative credential,-2000
1370,Pre-diploma grade,152000
2445,Pre-degree college,271000
193,N/A,668000
596,N/A,398000
1767,Bachelors degree,452000
380,Masters degree,853000
5315,N/A,191000
6245,N/A,180000
2328,Bachelors degree,-7000
2200,N/A,698000
19940,Masters degree,215000
1353,Pre-degree college,405000
5181,N/A,313000
1194,N/A,280000
1657,N/A,241000
4666,Masters degree,344000
6096,Pre-degree college,219000
7669,Associates degree,188000
3195,Masters degree,500000
1309,Masters degree,668000
81,Masters degree,1074000
1167,N/A,540000
8392,Pre-diploma grade,108000
472,N/A,372000
1072,Pre-degree college,368000
3754,Masters degree,391000
11325,N/A,121000
1425,Bachelors degree,453000
5875,Bachelors degree,307000
385,Regular high school diploma,514000
2668,Bachelors degree,346000
1157,Regular high school diploma,271000
1969,Bachelors degree,381000
1829,Pre-diploma grade,157000
912,Associates degree,233000
921,Pre-degree college,338000
16939,Regular high school diploma,171000
2222,Bachelors degree,486000
437,Masters degree,729000
7140,Regular high school diploma,172000
15756,Pre-diploma grade,85000
299,Associates degree,417000
2360,N/A,238000
33,Masters degree,998000
5596,GED or alternative credential,113000
2814,Pre-diploma grade,133000
1288,Regular high school diploma,233000
679,Pre-diploma grade,212000
4194,N/A,255000
7970,Masters degree,241000
1101,Masters degree,1159000
737,GED or alternative credential,187000
615,Associates degree,405000
473,Pre-diploma grade,334000
1079,Bachelors degree,728000
807,N/A,397000
32,Associates degree,763000
9441,Associates degree,140000
1840,Bachelors degree,534000
852,Masters degree,741000
10056,GED or alternative credential,90000
4600,Associates degree,232000
198,Associates degree,369000
286,N/A,609000
1584,Masters degree,421000
11,Associates degree,772000
15724,Bachelors degree,249000
360,Regular high school diploma,363000
26,N/A,954000
73,Associates degree,861000
2461,Bachelors degree,358000
48,Pre-degree college,1284000
24,Pre-diploma grade,537000
1687,Pre-degree college,559000
569,Associates degree,559000
1110,Regular high school diploma,466000
3949,Masters degree,280000
1207,GED or alternative credential,237000
33,Pre-diploma grade,600000
746,Pre-degree college,378000
1383,N/A,538000
916,Regular high school diploma,511000
1450,Regular high school diploma,348000
1427,Pre-degree college,417000
987,Pre-degree college,497000
162,Pre-diploma grade,568000
606,N/A,339000
688,Associates degree,328000
1841,Masters degree,571000
1611,Masters degree,672000
733,Regular high school diploma,520000
31,Masters degree,1173000
2805,Masters degree,372000
4857,GED or alternative credential,110000
595,Regular high school diploma,527000
1003,Pre-degree college,617000
889,Bachelors degree,651000
8112,N/A,132000
338,N/A,672000
585,Regular high school diploma,771000
45,Pre-degree college,757000
1636,Masters degree,580000
2460,Pre-degree college,348000
477,Bachelors degree,805000
458,Associates degree,520000
3720,Bachelors degree,469000
1040,Regular high school diploma,464000
402,Bachelors degree,779000
364,Masters degree,1175000
552,Regular high school diploma,369000
2202,Masters degree,645000
2295,Bachelors degree,601000
688,Bachelors degree,739000
1290,Pre-degree college,412000
539,Pre-degree college,532000
11,Masters degree,1215000
906,Pre-degree college,476000
683,N/A,331000
607,Bachelors degree,661000
4811,Pre-diploma grade,-3000
444,N/A,571000
860,Bachelors degree,586000
373,Masters degree,722000
3631,Masters degree,322000
305,Associates degree,466000
1869,Bachelors degree,495000
3227,Bachelors degree,506000
1288,Masters degree,705000
12,Pre-diploma grade,951000
1616,Pre-degree college,279000
3679,Pre-diploma grade,178000
2375,Pre-degree college,233000
101,N/A,702000
14,Associates degree,629000
108,Pre-degree college,904000
779,Regular high school diploma,253000
145,Associates degree,532000
210,Masters degree,837000
586,Regular high school diploma,279000
31,Pre-diploma grade,561000
530,Regular high school diploma,536000
301,Associates degree,426000
337,Masters degree,1125000
47,Bachelors degree,1685000
8,N/A,886000
990,Regular high school diploma,405000
562,Bachelors degree,1108000
691,Pre-diploma grade,239000
453,Regular high school diploma,617000
855,N/A,322000
728,Bachelors degree,795000
92,GED or alternative credential,458000
3982,Masters degree,384000
399,GED or alternative credential,185000
737,N/A,315000
1867,GED or alternative credential,144000
1129,N/A,463000
2072,Masters degree,670000
382,N/A,439000
26,Masters degree,1124000
2140,Masters degree,424000
78,Pre-degree college,682000
389,N/A,490000
941,Associates degree,253000
1056,Pre-diploma grade,175000
4623,Masters degree,315000
479,Pre-diploma grade,290000
1009,Pre-degree college,493000
1435,Regular high school diploma,412000
823,Masters degree,700000
775,N/A,367000
2482,Bachelors degree,543000
1751,GED or alternative credential,150000
2245,Bachelors degree,427000
69,Associates degree,536000
795,Associates degree,355000
1558,Pre-degree college,320000
1450,Bachelors degree,730000
850,Associates degree,236000
959,Associates degree,279000
1021,N/A,353000
564,Regular high school diploma,378000
683,N/A,391000
2527,Bachelors degree,480000
26,GED or alternative credential,628000
289,Pre-diploma grade,418000
95,Associates degree,611000
1801,Pre-diploma grade,223000
503,N/A,455000
2091,Pre-degree college,355000
308,Regular high school diploma,532000
2466,Bachelors degree,555000
367,Masters degree,810000
1756,Regular high school diploma,292000
280,Bachelors degree,826000
956,Regular high school diploma,368000
1290,Bachelors degree,593000
969,Pre-degree college,369000
1483,N/A,325000
1491,Regular high school diploma,250000
816,N/A,643000
385,Pre-diploma grade,199000
264,Pre-degree college,587000
1486,Pre-degree college,253000
472,Pre-degree college,697000
888,Pre-degree college,485000
132,Masters degree,1012000
181,N/A,671000
1785,Masters degree,666000
529,Bachelors degree,680000
131,Associates degree,530000
1647,Regular high school diploma,355000
107,GED or alternative credential,305000
248,Bachelors degree,789000
1310,Masters degree,832000
85,N/A,705000
1165,Pre-degree college,328000
315,Pre-degree college,854000
102,Masters degree,1335000
2692,Bachelors degree,393000
683,Associates degree,320000
181,Pre-diploma grade,386000
1078,Regular high school diploma,328000
44,Pre-diploma grade,646000
472,Bachelors degree,749000
176,Bachelors degree,819000
1014,GED or alternative credential,-8000
1153,Pre-diploma grade,193000
1151,Pre-degree college,527000
1921,Masters degree,398000
76,Pre-degree college,791000
380,Pre-diploma grade,390000
77,Bachelors degree,1082000
666,Bachelors degree,703000
1202,N/A,542000
27,Bachelors degree,1096000
3968,Pre-degree college,250000
670,Regular high school diploma,497000
498,N/A,384000
78,Bachelors degree,961000
1380,GED or alternative credential,165000
104,GED or alternative credential,380000
252,Bachelors degree,966000
226,Bachelors degree,1111000
164,N/A,1159000
96,Pre-diploma grade,658000
308,Masters degree,977000
202,Regular high school diploma,595000
1389,Masters degree,664000
14,Bachelors degree,1027000
71,Pre-diploma grade,594000
1289,Pre-degree college,264000
133,Associates degree,612000
89,N/A,946000
274,Regular high school diploma,588000
200,Bachelors degree,1061000
39,Regular high school diploma,978000
98,Pre-degree college,633000
903,Regular high school diploma,236000
581,Pre-degree college,518000
503,N/A,504000
514,Pre-diploma grade,383000
1102,Associates degree,271000
339,Pre-diploma grade,304000
643,Pre-degree college,514000
1227,Bachelors degree,459000
35,N/A,887000
331,GED or alternative credential,471000
716,Regular high school diploma,559000
270,Pre-degree college,536000
140,N/A,575000
732,Associates degree,348000
647,Masters degree,684000
261,GED or alternative credential,319000
27,Associates degree,630000
426,Associates degree,493000
214,Regular high school diploma,677000
521,Pre-degree college,363000
203,Pre-diploma grade,243000
36,Masters degree,1056000
718,N/A,344000
339,Masters degree,671000
110,Pre-degree college,675000
133,GED or alternative credential,522000
323,Pre-diploma grade,226000
234,Associates degree,527000
278,Associates degree,485000
403,Masters degree,887000
37,Bachelors degree,1113000
104,Masters degree,1384000
318,Bachelors degree,767000
357,N/A,421000
311,N/A,666000
270,Pre-degree college,515000
745,N/A,652000
40,Associates degree,657000
449,Associates degree,368000
1033,Regular high school diploma,417000
60,Associates degree,595000
140,N/A,645000
9,N/A,837000
1739,GED or alternative credential,182000
53,Associates degree,682000
759,Pre-diploma grade,197000
153,Masters degree,1098000
53,GED or alternative credential,472000
793,N/A,438000
636,N/A,478000
26,GED or alternative credential,962000
950,Pre-degree college,511000
155,Pre-diploma grade,402000
175,Bachelors degree,873000
41,Bachelors degree,1266000
269,GED or alternative credential,496000
4,Regular high school diploma,866000
179,Associates degree,363000
524,Associates degree,264000
562,Associates degree,476000
107,Pre-diploma grade,352000
322,Regular high school diploma,515000
381,Pre-degree college,595000
172,N/A,580000
44,Pre-degree college,1086000
146,Pre-degree college,657000
223,Pre-degree college,677000
26,GED or alternative credential,573000
211,Associates degree,514000
94,GED or alternative credential,598000
387,Pre-degree college,612000
77,Pre-diploma grade,525000
524,Bachelors degree,910000
290,Regular high school diploma,426000
153,GED or alternative credential,419000
364,Associates degree,497000
170,Masters degree,1010000
98,Associates degree,697000
608,GED or alternative credential,164000
288,Regular high school diploma,530000
474,Bachelors degree,829000
389,Pre-diploma grade,364000
541,Pre-diploma grade,342000
130,Masters degree,1204000
861,Regular high school diploma,493000
36,Regular high school diploma,675000
181,GED or alternative credential,395000
106,Regular high school diploma,790000
123,Pre-degree college,619000
26,Bachelors degree,1040000
247,Masters degree,886000
710,GED or alternative credential,170000
268,GED or alternative credential,262000
155,GED or alternative credential,306000
14,Pre-diploma grade,894000
107,Masters degree,975000
91,Regular high school diploma,626000
228,Pre-diploma grade,263000
362,N/A,424000
511,Masters degree,799000
168,Associates degree,771000
39,Associates degree,574000
681,Pre-degree college,426000
103,Pre-diploma grade,450000
26,Masters degree,1042000
670,GED or alternative credential,211000
331,N/A,670000
220,Masters degree,897000
93,GED or alternative credential,316000
795,Pre-diploma grade,436000
36,GED or alternative credential,642000
272,Associates degree,378000
383,N/A,500000
940,Pre-degree college,520000
775,Regular high school diploma,264000
121,GED or alternative credential,254000
147,GED or alternative credential,222000
298,Bachelors degree,712000
296,Regular high school diploma,697000
174,Regular high school diploma,587000
24,N/A,909000
531,Pre-diploma grade,443000
137,Pre-degree college,585000
337,Bachelors degree,900000
92,Regular high school diploma,585000
121,GED or alternative credential,430000
184,Pre-diploma grade,396000
57,Associates degree,790000
149,Pre-degree college,630000
19,GED or alternative credential,473000
35,Pre-degree college,891000
27,Masters degree,1528000
30,Masters degree,909000
121,Masters degree,1230000
880,N/A,303000
122,N/A,799000
365,Pre-diploma grade,266000
115,Bachelors degree,892000
130,Masters degree,946000
12,Bachelors degree,1039000
488,Masters degree,753000
227,Pre-diploma grade,499000
41,Pre-degree college,861000
10,Associates degree,1631000
327,Pre-degree college,530000
109,GED or alternative credential,513000
506,Pre-degree college,771000
160,N/A,-10000
466,Bachelors degree,760000
16,Pre-diploma grade,691000
197,Pre-diploma grade,272000
127,GED or alternative credential,404000
67,Masters degree,1045000
58,Pre-diploma grade,847000
302,N/A,665000
159,Bachelors degree,906000
171,Pre-degree college,604000
98,Pre-diploma grade,327000
233,Pre-diploma grade,277000
181,Pre-diploma grade,388000
36,Masters degree,1338000
157,Pre-diploma grade,273000
252,Pre-diploma grade,523000
277,Regular high school diploma,574000
127,Pre-diploma grade,308000
41,Bachelors degree,1248000
734,N/A,340000
200,Pre-diploma grade,349000
365,Bachelors degree,750000
26,Masters degree,1140000
98,Bachelors degree,941000
11,Pre-degree college,943000
52,N/A,1528000
342,Associates degree,511000
248,Regular high school diploma,518000
190,Pre-degree college,588000
146,GED or alternative credential,282000
285,Bachelors degree,797000
47,Associates degree,604000
277,Regular high school diploma,611000
297,Bachelors degree,920000
135,Pre-degree college,629000
33,Masters degree,1064000
110,GED or alternative credential,403000
162,GED or alternative credential,332000
299,Masters degree,-10000
19,GED or alternative credential,650000
103,Pre-diploma grade,656000
19,Masters degree,1015000
32,Masters degree,1081000
6,GED or alternative credential,735000
63,Masters degree,1090000
153,Bachelors degree,1180000
70,Masters degree,1057000
162,GED or alternative credential,489000
86,N/A,684000
57,Associates degree,619000
47,Regular high school diploma,958000
333,Bachelors degree,694000
27,Pre-diploma grade,566000
59,Pre-diploma grade,371000
211,Masters degree,917000
52,Regular high school diploma,629000
18,N/A,853000
321,N/A,481000
140,Masters degree,1024000
368,Bachelors degree,806000
72,N/A,977000
107,Associates degree,587000
205,Masters degree,902000
25,N/A,1093000
10,Associates degree,633000
58,Masters degree,1188000
88,Pre-degree college,928000
21,Pre-degree college,1300000
30,Pre-degree college,763000
430,Associates degree,617000
21,Associates degree,791000
114,Regular high school diploma,689000
121,Pre-diploma grade,432000
111,N/A,832000
259,Regular high school diploma,612000
140,Masters degree,927000
104,Pre-diploma grade,428000
69,Pre-degree college,790000
7,GED or alternative credential,818000
189,Pre-diploma grade,291000
28,Regular high school diploma,682000
10,Pre-degree college,987000
12,Pre-degree college,1274000
9,N/A,1220000
55,Regular high school diploma,633000
86,Masters degree,1107000
37,Masters degree,1047000
19,Pre-diploma grade,688000
208,GED or alternative credential,309000
49,Masters degree,1144000
15,Bachelors degree,-12000
307,Associates degree,338000
53,Bachelors degree,1120000
57,Pre-degree college,788000
20,GED or alternative credential,382000
29,Bachelors degree,1572000
15,Pre-degree college,639000
32,Pre-diploma grade,605000
51,Bachelors degree,963000
129,Regular high school diploma,630000
73,Pre-diploma grade,487000
171,Masters degree,840000
6,Regular high school diploma,715000
10,Associates degree,821000
270,Pre-diploma grade,354000
45,Pre-diploma grade,622000
17,GED or alternative credential,603000
76,Regular high school diploma,821000
19,Masters degree,1316000
30,N/A,902000
21,Pre-diploma grade,1021000
7,Regular high school diploma,928000
117,Pre-diploma grade,406000
44,Pre-degree college,813000
33,GED or alternative credential,434000
7,Associates degree,768000
50,Bachelors degree,1152000
52,Associates degree,518000
177,Bachelors degree,833000
14,Masters degree,1308000
18,N/A,1201000
41,Bachelors degree,1402000
66,Bachelors degree,959000
38,N/A,1224000
75,GED or alternative credential,335000
139,N/A,753000
34,Masters degree,1174000
20,Bachelors degree,1116000
30,Regular high school diploma,932000
27,N/A,-11000
16,GED or alternative credential,608000
27,GED or alternative credential,685000
72,N/A,1663000
8,Regular high school diploma,763000
30,Pre-degree college,986000
116,GED or alternative credential,361000
81,N/A,741000
187,Bachelors degree,1036000
53,Pre-degree college,785000
82,Masters degree,1663000
22,Masters degree,1347000
53,Regular high school diploma,930000
18,Pre-degree college,978000
33,N/A,897000
129,Pre-diploma grade,706000
12,Pre-diploma grade,786000
23,Pre-degree college,781000
206,N/A,664000
24,Pre-degree college,626000
44,Associates degree,588000
16,Masters degree,1070000
7,GED or alternative credential,581000
11,GED or alternative credential,539000
14,N/A,1148000
126,Bachelors degree,863000
12,Masters degree,1480000
38,Pre-degree college,715000
11,Pre-degree college,1172000
21,Associates degree,1276000
13,Masters degree,1220000
13,Associates degree,854000
176,Bachelors degree,849000
17,Associates degree,639000
102,Pre-diploma grade,627000
172,Associates degree,515000
84,Regular high school diploma,785000
10,N/A,1711000
22,Masters degree,1208000
41,Regular high school diploma,772000
74,N/A,729000
8,Associates degree,987000
75,Bachelors degree,1291000
16,Regular high school diploma,943000
38,Pre-diploma grade,408000
97,N/A,700000
18,Associates degree,858000
13,GED or alternative credential,1339000
14,GED or alternative credential,623000
23,GED or alternative credential,618000
117,Pre-degree college,930000
24,GED or alternative credential,435000
85,Pre-degree college,772000
25,N/A,1175000
62,GED or alternative credential,754000
10,Masters degree,1654000
39,Bachelors degree,988000
9,Bachelors degree,1226000
10,Regular high school diploma,788000
21,Regular high school diploma,925000
30,Masters degree,1183000
61,Pre-diploma grade,591000
11,Masters degree,1324000
83,Pre-degree college,689000
22,Associates degree,866000
4,Pre-diploma grade,717000
69,GED or alternative credential,509000
34,GED or alternative credential,413000
50,Regular high school diploma,791000
133,Regular high school diploma,619000
26,Pre-degree college,812000
48,N/A,722000
34,Masters degree,1093000
5,N/A,1408000
55,Pre-degree college,926000
9,Associates degree,1087000
29,Bachelors degree,1386000
1,N/A,1124000
19,N/A,810000
49,Masters degree,1603000
39,Pre-diploma grade,681000
12,Masters degree,1104000
101,Pre-degree college,574000
8,Pre-degree college,1115000
13,Pre-degree college,925000
9,Bachelors degree,1363000
28,GED or alternative credential,1328000
62,Pre-degree college,848000
61,Regular high school diploma,639000
27,Associates degree,813000
28,Associates degree,757000
4,Bachelors degree,1151000
13,Bachelors degree,1533000
35,Pre-diploma grade,798000
13,Bachelors degree,1336000
30,Masters degree,1323000
32,Associates degree,891000
3,Masters degree,1408000
25,Regular high school diploma,879000
23,Masters degree,-11000
14,Regular high school diploma,813000
15,Bachelors degree,999000
8,Masters degree,1345000
152,Masters degree,1114000
20,Associates degree,785000
12,Pre-degree college,1087000
102,N/A,1384000
29,Associates degree,689000
7,Masters degree,1385000
42,Associates degree,585000
21,Pre-degree college,924000
8,Pre-diploma grade,567000
3,Pre-degree college,1329000
53,Bachelors degree,1242000
21,N/A,975000
10,Masters degree,1279000
17,Regular high school diploma,835000
21,Pre-diploma grade,827000
42,Masters degree,1148000
27,Regular high school diploma,781000
122,Masters degree,1201000
5,Associates degree,1359000
197,Pre-diploma grade,409000
61,GED or alternative credential,501000
115,Regular high school diploma,768000
19,GED or alternative credential,820000
12,Bachelors degree,1247000
17,Pre-degree college,1002000
8,Regular high school diploma,657000
39,Masters degree,1286000
20,Masters degree,1022000
28,N/A,1010000
14,Regular high school diploma,1078000
15,GED or alternative credential,709000
4,Pre-diploma grade,876000
13,Regular high school diploma,924000
24,Associates degree,835000
25,Masters degree,1160000
20,Pre-degree college,1298000
24,Associates degree,1065000
14,Associates degree,677000
23,Associates degree,1329000
53,GED or alternative credential,746000
11,N/A,1081000
15,Pre-diploma grade,1025000
16,GED or alternative credential,614000
11,Pre-degree college,835000
11,Masters degree,1407000
14,Pre-degree college,768000
17,GED or alternative credential,411000
16,Pre-diploma grade,780000
19,GED or alternative credential,1043000
25,N/A,1098000
25,N/A,1045000
25,Pre-degree college,968000
21,N/A,927000
3,Associates degree,812000
9,N/A,1204000
1,Pre-diploma grade,923000
4,GED or alternative credential,871000
6,Regular high school diploma,968000
482666,Bachelors degree,45000
80281,Masters degree,98000
579702,Pre-diploma grade,12000
1386103,GED or alternative credential,0
876474,Pre-degree college,36000
311841,Bachelors degree,49000
362739,Bachelors degree,16000
405726,Bachelors degree,70000
924054,Regular high school diploma,18000
710409,Pre-degree college,18000
357712,Associates degree,36000
191801,Pre-degree college,66000
1015535,Regular high school diploma,36000
463277,Pre-degree college,43000
258371,Bachelors degree,37000
16221,Associates degree,123000
970165,Regular high school diploma,1000
716958,Pre-degree college,7000
792354,Regular high school diploma,7000
414299,Bachelors degree,40000
80535,Masters degree,171000
163421,Regular high school diploma,80000
397739,Bachelors degree,34000
53652,Bachelors degree,127000
105786,Pre-degree college,100000
1001029,Pre-degree college,1000
352689,Bachelors degree,9000
41304,Masters degree,140000
33379,GED or alternative credential,89000
30109,Associates degree,128000
153278,Masters degree,33000
177843,GED or alternative credential,17000
20054,Pre-degree college,132000
316278,Pre-diploma grade,31000
112577,GED or alternative credential,20000
361189,Bachelors degree,73000
313097,Pre-diploma grade,27000
515875,Bachelors degree,42000
591948,Bachelors degree,47000
293713,Pre-degree college,67000
467783,Pre-diploma grade,21000
181328,Associates degree,7000
18856,Associates degree,121000
413915,Bachelors degree,104000
146066,Masters degree,94000
90908,GED or alternative credential,4000
413361,Bachelors degree,24000
166861,Regular high school diploma,66000
437,Pre-diploma grade,221000
52028,N/A,25000
661186,Pre-diploma grade,13000
46878,Bachelors degree,237000
375138,Pre-degree college,53000
136508,Masters degree,39000
230869,Associates degree,18000
9415,N/A,188000
117311,Bachelors degree,110000
38782,Masters degree,186000
115558,Regular high school diploma,86000
116929,GED or alternative credential,30000
512284,Bachelors degree,23000
77155,Associates degree,93000
159255,Bachelors degree,122000
378892,Regular high school diploma,53000
215531,Associates degree,1000
63686,Associates degree,100000
88152,Masters degree,117000
1776,Pre-degree college,698000
7076,Pre-degree college,191000
155780,Bachelors degree,90000
66140,N/A,33000
14284,N/A,117000
12691,N/A,208000
125282,GED or alternative credential,8000
67306,Masters degree,208000
200918,Associates degree,43000
104735,Masters degree,25000
10646,Masters degree,271000
44919,Bachelors degree,144000
10647,Pre-diploma grade,118000
29014,N/A,65000
59022,Pre-degree college,128000
18260,Regular high school diploma,123000
279982,Regular high school diploma,67000
160544,Associates degree,67000
20232,Bachelors degree,187000
138020,GED or alternative credential,15000
197106,Pre-degree college,80000
144595,Masters degree,74000
201157,Masters degree,65000
176963,Associates degree,53000
97922,Associates degree,66000
6395,Regular high school diploma,173000
3983,Pre-degree college,215000
148199,Bachelors degree,109000
502313,Bachelors degree,59000
485412,Regular high school diploma,43000
8127,Masters degree,236000
135038,Pre-degree college,93000
108785,Masters degree,137000
12188,Regular high school diploma,132000
1725,N/A,292000
4744,Associates degree,173000
18797,N/A,82000
41271,N/A,39000
103606,Bachelors degree,105000
1000,N/A,497000
60470,GED or alternative credential,63000
107468,GED or alternative credential,35000
154873,Bachelors degree,88000
47435,Masters degree,232000
21195,N/A,137000
42990,Bachelors degree,138000
147445,Pre-degree college,86000
5037,Bachelors degree,603000
5255,N/A,219000
700,Bachelors degree,614000
39785,Bachelors degree,165000
19116,Bachelors degree,170000
11580,N/A,162000
58695,Bachelors degree,150000
25500,N/A,94000
70206,Masters degree,151000
128294,Masters degree,48000
109393,Regular high school diploma,93000
19643,Bachelors degree,190000
60698,Bachelors degree,182000
88203,Masters degree,120000
8341,N/A,140000
26789,Masters degree,219000
19962,Bachelors degree,211000
118788,Bachelors degree,113000
185,Masters degree,858000
52075,Masters degree,188000
74002,Pre-diploma grade,68000
109775,GED or alternative credential,3000
766,Regular high school diploma,463000
76963,Associates degree,86000
2522,Bachelors degree,380000
125867,Masters degree,82000
207932,Pre-diploma grade,46000
5855,Masters degree,464000
18836,Bachelors degree,185000
8002,N/A,172000
750,Bachelors degree,693000
3770,Pre-diploma grade,154000
1450,Bachelors degree,472000
12220,Bachelors degree,222000
6441,Regular high school diploma,169000
5847,Associates degree,205000
29292,GED or alternative credential,61000
10720,Pre-degree college,173000
5066,Associates degree,169000
725,Masters degree,1087000
97301,Masters degree,136000
60904,Masters degree,162000
33287,Regular high school diploma,128000
37223,Pre-diploma grade,72000
81109,Regular high school diploma,100000
39002,Pre-diploma grade,62000
34216,Pre-degree college,119000
4612,Associates degree,180000
632,Pre-degree college,455000
9011,Masters degree,292000
16391,N/A,171000
864,Regular high school diploma,538000
8052,Masters degree,559000
3163,Masters degree,368000
2931,Pre-degree college,257000
2515,Regular high school diploma,313000
1797,GED or alternative credential,166000
3240,Bachelors degree,382000
46713,Pre-diploma grade,78000
11335,Pre-diploma grade,125000
21392,Pre-diploma grade,69000
187,Masters degree,987000
12769,N/A,98000
27945,Bachelors degree,164000
4242,Masters degree,338000
579,Bachelors degree,713000
43067,Masters degree,172000
3757,Bachelors degree,361000
20270,N/A,136000
20885,Regular high school diploma,119000
14006,Masters degree,348000
6066,Masters degree,320000
2847,Bachelors degree,395000
254,Bachelors degree,820000
9408,Masters degree,417000
14492,Bachelors degree,262000
17807,Associates degree,119000
107730,Associates degree,80000
1325,Pre-degree college,478000
5592,Bachelors degree,522000
5747,Bachelors degree,-8000
2009,GED or alternative credential,129000
3818,Masters degree,412000
828,Masters degree,585000
21850,Masters degree,250000
4456,Masters degree,612000
1943,Bachelors degree,403000
297,Associates degree,439000
14126,N/A,120000
6855,Masters degree,253000
22541,Bachelors degree,-2000
18205,Pre-diploma grade,114000
760,Masters degree,768000
1188,Masters degree,588000
944,Pre-diploma grade,159000
288,Associates degree,652000
3334,Bachelors degree,309000
3764,Masters degree,514000
12188,Pre-degree college,177000
1083,N/A,320000
1477,Pre-diploma grade,168000
1289,Bachelors degree,545000
2395,Masters degree,426000
6751,Masters degree,520000
1261,Regular high school diploma,-10000
1016,N/A,511000
951,Pre-degree college,322000
2133,Masters degree,369000
1157,Masters degree,675000
541,GED or alternative credential,216000
680,Associates degree,303000
6139,Masters degree,511000
487,Regular high school diploma,500000
35467,Pre-degree college,121000
5275,Bachelors degree,471000
2285,Masters degree,378000
571,Associates degree,325000
1555,Bachelors degree,556000
1816,Masters degree,587000
8088,Bachelors degree,319000
2089,Bachelors degree,598000
4385,Bachelors degree,254000
6159,Regular high school diploma,180000
22570,Regular high school diploma,121000
1284,Masters degree,619000
22388,N/A,74000
9094,N/A,232000
25547,N/A,48000
5354,Masters degree,527000
4464,Bachelors degree,399000
3842,Masters degree,485000
429,Associates degree,372000
4970,Bachelors degree,332000
1075,GED or alternative credential,155000
1610,Associates degree,255000
5270,Bachelors degree,282000
1123,Bachelors degree,597000
467,Masters degree,785000
247,Associates degree,339000
781,N/A,368000
51,Bachelors degree,882000
2780,N/A,233000
1819,N/A,355000
1039,Masters degree,629000
12268,Masters degree,233000
2892,GED or alternative credential,146000
12026,Masters degree,355000
1804,Regular high school diploma,303000
200,Regular high school diploma,-11000
129,Bachelors degree,888000
1153,Pre-degree college,315000
4735,Bachelors degree,489000
1604,Masters degree,518000
2364,Pre-diploma grade,126000
618,Pre-degree college,652000
2349,Bachelors degree,305000
4078,Bachelors degree,496000
9917,Pre-degree college,205000
7050,Pre-diploma grade,106000
10797,Associates degree,132000
10297,Pre-degree college,169000
1983,Bachelors degree,435000
2362,N/A,236000
1120,Pre-degree college,344000
4453,Masters degree,328000
3793,Bachelors degree,419000
1609,N/A,253000
3622,Bachelors degree,316000
650,Masters degree,689000
73,Pre-degree college,954000
1497,Pre-degree college,540000
7268,Bachelors degree,306000
2222,GED or alternative credential,174000
17,Bachelors degree,1130000
5979,Masters degree,264000
2369,Pre-degree college,238000
32885,Pre-degree college,123000
1923,Masters degree,515000
970,Regular high school diploma,540000
1637,Bachelors degree,509000
132,Associates degree,478000
6941,Masters degree,279000
1847,N/A,417000
9839,Pre-degree college,180000
6,Masters degree,1083000
908,Bachelors degree,709000
877,Masters degree,657000
449,Associates degree,397000
2265,Bachelors degree,473000
170,N/A,604000
7143,Regular high school diploma,177000
954,Masters degree,630000
1153,Pre-degree college,303000
4842,Regular high school diploma,176000
6461,Associates degree,177000
138,Regular high school diploma,571000
419,N/A,697000
1991,Masters degree,530000
1247,Pre-degree college,340000
948,Regular high school diploma,339000
1504,Pre-degree college,353000
144,Regular high school diploma,580000
674,Pre-degree college,504000
4097,Regular high school diploma,191000
573,Pre-degree college,424000
2204,N/A,348000
14182,N/A,151000
392,GED or alternative credential,-7000
8369,Pre-degree college,176000
544,Bachelors degree,636000
224,Pre-degree college,571000
730,Regular high school diploma,367000
386,Associates degree,340000
8190,N/A,186000
617,N/A,405000
173,Pre-degree college,609000
212,N/A,788000
8179,Bachelors degree,754000
4767,Masters degree,493000
25,Pre-diploma grade,804000
3742,GED or alternative credential,145000
69,Pre-diploma grade,541000
935,Masters degree,757000
1237,Regular high school diploma,340000
1330,Regular high school diploma,257000
1442,Pre-diploma grade,161000
2328,N/A,271000
4416,Masters degree,405000
1184,Regular high school diploma,353000
2048,Pre-diploma grade,135000
593,Bachelors degree,711000
1817,Associates degree,238000
999,Regular high school diploma,324000
533,Pre-degree college,421000
657,Regular high school diploma,344000
2541,Masters degree,476000
296,Pre-degree college,664000
967,Pre-degree college,391000
918,N/A,617000
2113,Bachelors degree,602000
715,N/A,426000
525,GED or alternative credential,207000
440,Associates degree,315000
519,Associates degree,331000
4679,Pre-degree college,313000
390,Masters degree,848000
1281,Bachelors degree,650000
157,Regular high school diploma,666000
1116,Regular high school diploma,384000
1193,Masters degree,633000
30,Associates degree,1024000
555,Masters degree,639000
6296,Masters degree,497000
3308,Bachelors degree,335000
3354,Associates degree,191000
4975,Pre-degree college,229000
1242,Pre-degree college,463000
1186,Regular high school diploma,325000
684,Bachelors degree,701000
1937,Bachelors degree,404000
2364,Bachelors degree,430000
854,N/A,412000
1246,N/A,559000
688,N/A,514000
1523,GED or alternative credential,141000
294,Pre-diploma grade,379000
2413,Masters degree,697000
3883,N/A,250000
1044,Pre-degree college,331000
141,Masters degree,1276000
6225,Masters degree,771000
743,Pre-degree college,372000
1833,Bachelors degree,413000
1326,Associates degree,313000
1472,Masters degree,574000
1028,Bachelors degree,608000
3763,Pre-degree college,255000
155,Associates degree,609000
489,Bachelors degree,841000
195,Bachelors degree,864000
943,Masters degree,715000
3903,Masters degree,595000
7727,Masters degree,617000
1581,Pre-degree college,323000
2356,Associates degree,215000
261,GED or alternative credential,246000
427,Regular high school diploma,490000
96,Pre-diploma grade,809000
4128,GED or alternative credential,142000
2901,Associates degree,229000
114,Pre-degree college,666000
287,Pre-diploma grade,669000
1486,Bachelors degree,581000
407,Masters degree,930000
1160,Bachelors degree,573000
692,N/A,338000
863,N/A,485000
2075,Regular high school diploma,229000
856,Masters degree,626000
292,Pre-degree college,705000
1373,Masters degree,604000
50,GED or alternative credential,483000
1165,Regular high school diploma,397000
608,N/A,611000
3844,Masters degree,611000
292,Bachelors degree,769000
622,Masters degree,790000
2051,Masters degree,532000
96,Pre-degree college,934000
1297,Masters degree,772000
1071,N/A,264000
78,GED or alternative credential,276000
446,Pre-diploma grade,252000
388,N/A,574000
79,Regular high school diploma,645000
45,Pre-degree college,741000
1045,N/A,464000
1069,GED or alternative credential,228000
73,N/A,790000
566,Bachelors degree,743000
1334,GED or alternative credential,189000
475,Pre-degree college,500000
732,Masters degree,791000
1650,Bachelors degree,513000
660,Pre-degree college,439000
552,N/A,595000
1015,Associates degree,257000
1764,Bachelors degree,539000
1520,Pre-degree college,325000
2605,Regular high school diploma,215000
130,Associates degree,571000
38,Pre-degree college,837000
87,N/A,715000
1440,Pre-degree college,339000
1464,GED or alternative credential,-1000
568,Regular high school diploma,280000
4749,Associates degree,176000
390,GED or alternative credential,179000
1443,Masters degree,536000
412,Masters degree,781000
954,Pre-degree college,280000
3347,Bachelors degree,642000
300,Pre-degree college,645000
454,Associates degree,538000
5776,Regular high school diploma,205000
1258,Pre-degree college,384000
1684,Bachelors degree,618000
1857,Bachelors degree,501000
283,Pre-diploma grade,474000
725,Regular high school diploma,439000
896,Regular high school diploma,542000
692,Pre-diploma grade,225000
190,Bachelors degree,945000
24,N/A,821000
1909,Bachelors degree,434000
1416,Pre-degree college,324000
815,Associates degree,241000
192,Pre-degree college,575000
198,Pre-diploma grade,370000
513,Pre-diploma grade,274000
488,Regular high school diploma,391000
1019,Associates degree,542000
374,Associates degree,367000
794,GED or alternative credential,220000
845,Regular high school diploma,322000
743,Bachelors degree,649000
41,Associates degree,668000
206,Pre-diploma grade,288000
1006,N/A,328000
847,N/A,493000
2113,Regular high school diploma,255000
17,Masters degree,1029000
54,Bachelors degree,965000
464,Associates degree,391000
1336,Pre-degree college,397000
806,GED or alternative credential,261000
58,Regular high school diploma,670000
92,Masters degree,986000
3198,Bachelors degree,458000
3723,Masters degree,466000
1631,Pre-degree college,270000
1343,Pre-degree college,241000
1333,Pre-degree college,542000
203,N/A,689000
702,Regular high school diploma,478000
915,N/A,279000
88,Masters degree,1002000
627,Masters degree,677000
391,GED or alternative credential,218000
72,GED or alternative credential,362000
414,Associates degree,-10000
103,Bachelors degree,1166000
109,GED or alternative credential,311000
634,Regular high school diploma,315000
60,N/A,978000
71,GED or alternative credential,486000
644,Bachelors degree,735000
225,Regular high school diploma,705000
203,Masters degree,891000
901,Bachelors degree,634000
74,Bachelors degree,1129000
197,Pre-diploma grade,445000
379,Masters degree,928000
90,N/A,630000
241,N/A,515000
7,GED or alternative credential,703000
441,Regular high school diploma,421000
736,GED or alternative credential,278000
223,Pre-diploma grade,231000
860,Bachelors degree,628000
689,Regular high school diploma,372000
245,Associates degree,481000
964,Masters degree,788000
510,Associates degree,324000
708,Regular high school diploma,331000
394,Pre-diploma grade,554000
374,Masters degree,835000
533,Regular high school diploma,323000
1624,Bachelors degree,411000
57,Masters degree,1329000
462,GED or alternative credential,181000
365,GED or alternative credential,245000
202,Pre-degree college,-11000
116,GED or alternative credential,503000
1486,Regular high school diploma,238000
157,Pre-degree college,832000
378,Bachelors degree,1156000
48,GED or alternative credential,453000
2485,Masters degree,363000
918,N/A,527000
120,Pre-diploma grade,235000
186,Associates degree,500000
125,Bachelors degree,933000
722,Regular high school diploma,504000
313,Bachelors degree,746000
1077,Regular high school diploma,241000
78,Bachelors degree,964000
447,Associates degree,384000
176,Bachelors degree,913000
102,GED or alternative credential,570000
742,N/A,612000
630,Bachelors degree,623000
590,Pre-degree college,438000
425,Associates degree,463000
102,Pre-diploma grade,460000
182,Pre-diploma grade,505000
746,Pre-degree college,367000
381,Pre-diploma grade,385000
207,GED or alternative credential,249000
307,N/A,518000
749,Pre-degree college,490000
486,Associates degree,270000
507,N/A,369000
76,GED or alternative credential,393000
23,Pre-degree college,977000
308,Regular high school diploma,792000
112,Pre-diploma grade,326000
194,GED or alternative credential,230000
534,Regular high school diploma,643000
41,Pre-degree college,1204000
384,Masters degree,1080000
523,Masters degree,682000
168,N/A,657000
468,Masters degree,861000
198,Bachelors degree,919000
368,Masters degree,813000
156,Masters degree,1065000
99,GED or alternative credential,448000
75,N/A,987000
157,Bachelors degree,1023000
55,Bachelors degree,953000
34,Masters degree,1303000
489,Pre-degree college,481000
646,Masters degree,854000
755,Pre-degree college,-10000
213,N/A,536000
281,Associates degree,438000
372,Regular high school diploma,455000
112,Regular high school diploma,700000
399,Bachelors degree,752000
390,Regular high school diploma,424000
904,N/A,771000
19,Associates degree,1125000
5,Pre-degree college,946000
302,Masters degree,926000
186,Masters degree,925000
252,Bachelors degree,745000
623,Regular high school diploma,270000
7,Pre-degree college,909000
424,GED or alternative credential,206000
337,Pre-diploma grade,317000
271,N/A,532000
213,Masters degree,968000
497,N/A,476000
218,Pre-degree college,792000
283,Pre-diploma grade,564000
271,Pre-diploma grade,544000
53,Bachelors degree,903000
439,Bachelors degree,653000
58,Pre-diploma grade,590000
915,Associates degree,323000
126,Pre-diploma grade,269000
313,N/A,587000
155,Pre-diploma grade,451000
88,Bachelors degree,883000
233,Pre-degree college,672000
356,Pre-diploma grade,437000
47,Associates degree,580000
244,Masters degree,978000
340,Bachelors degree,774000
200,Associates degree,643000
14,Associates degree,977000
1389,N/A,520000
313,N/A,378000
124,Pre-diploma grade,548000
107,N/A,772000
362,Masters degree,763000
578,Pre-degree college,643000
72,N/A,1087000
61,N/A,768000
466,Masters degree,879000
97,Regular high school diploma,799000
10,Pre-diploma grade,579000
141,N/A,763000
186,Associates degree,344000
49,N/A,812000
147,Bachelors degree,867000
121,N/A,585000
245,Bachelors degree,818000
180,Associates degree,455000
595,Pre-diploma grade,284000
102,Pre-diploma grade,531000
220,GED or alternative credential,534000
580,N/A,466000
123,N/A,682000
1028,Regular high school diploma,698000
484,N/A,363000
105,GED or alternative credential,506000
56,GED or alternative credential,480000
14,Regular high school diploma,1477000
2716,Pre-degree college,538000
388,Bachelors degree,744000
6,Regular high school diploma,977000
37,Bachelors degree,1004000
152,Associates degree,398000
399,GED or alternative credential,560000
41,Pre-degree college,887000
225,Bachelors degree,859000
72,GED or alternative credential,318000
806,Associates degree,540000
470,Bachelors degree,685000
28,N/A,848000
13,Associates degree,705000
58,N/A,791000
98,Regular high school diploma,832000
104,Pre-diploma grade,638000
33,N/A,1115000
196,Associates degree,490000
88,Pre-diploma grade,258000
843,GED or alternative credential,194000
465,N/A,530000
282,Masters degree,866000
18,Masters degree,1177000
340,N/A,588000
228,GED or alternative credential,234000
150,Bachelors degree,1154000
84,Pre-degree college,665000
21,Pre-degree college,853000
180,GED or alternative credential,289000
358,Associates degree,280000
208,Bachelors degree,871000
518,Associates degree,504000
263,Associates degree,322000
266,Pre-degree college,670000
44,GED or alternative credential,416000
26,Bachelors degree,1373000
239,Regular high school diploma,609000
32,GED or alternative credential,452000
105,Pre-degree college,671000
22,Regular high school diploma,671000
154,Pre-degree college,668000
88,GED or alternative credential,302000
99,N/A,757000
62,Pre-degree college,729000
132,Bachelors degree,940000
100,Pre-degree college,684000
83,Bachelors degree,1091000
116,Masters degree,985000
26,Regular high school diploma,722000
117,Masters degree,904000
21,Pre-degree college,1323000
302,N/A,675000
114,Regular high school diploma,1010000
44,Regular high school diploma,672000
42,GED or alternative credential,321000
109,N/A,639000
11,Associates degree,1208000
353,Regular high school diploma,438000
194,N/A,626000
142,GED or alternative credential,345000
25,Associates degree,671000
217,Regular high school diploma,481000
148,N/A,619000
46,Pre-diploma grade,528000
86,Associates degree,664000
473,Associates degree,698000
109,Pre-diploma grade,410000
69,Bachelors degree,962000
193,Pre-degree college,580000
116,N/A,781000
48,GED or alternative credential,431000
135,Pre-diploma grade,392000
129,Masters degree,958000
217,Masters degree,821000
347,Bachelors degree,796000
74,Masters degree,932000
564,Associates degree,353000
59,N/A,986000
61,N/A,1080000
164,Pre-degree college,700000
62,Bachelors degree,1503000
247,Pre-diploma grade,550000
81,Bachelors degree,989000
160,Regular high school diploma,664000
60,Masters degree,1086000
42,Pre-diploma grade,533000
36,GED or alternative credential,381000
88,Bachelors degree,807000
169,Associates degree,421000
99,N/A,785000
40,GED or alternative credential,456000
85,Masters degree,943000
9,Regular high school diploma,1064000
621,Pre-degree college,398000
6,Masters degree,1165000
137,Masters degree,924000
98,GED or alternative credential,716000
167,GED or alternative credential,495000
33,Associates degree,702000
123,GED or alternative credential,357000
21,Associates degree,1107000
22,Regular high school diploma,917000
78,Pre-diploma grade,375000
15,Pre-diploma grade,740000
94,N/A,930000
58,Regular high school diploma,741000
121,Pre-diploma grade,360000
24,Associates degree,-11000
166,Masters degree,812000
67,Masters degree,1298000
78,Pre-diploma grade,444000
23,Masters degree,1300000
105,Pre-degree college,722000
11,GED or alternative credential,606000
23,Bachelors degree,1328000
28,N/A,925000
409,Regular high school diploma,398000
12,N/A,1065000
11,Associates degree,1045000
21,Pre-degree college,1279000
259,Regular high school diploma,652000
117,N/A,677000
13,N/A,932000
15,GED or alternative credential,829000
29,N/A,1313000
30,Associates degree,666000
127,Pre-diploma grade,632000
347,Pre-diploma grade,196000
16,Bachelors degree,1232000
81,Pre-degree college,1159000
54,GED or alternative credential,307000
82,GED or alternative credential,427000
2,Masters degree,1302000
54,Regular high school diploma,575000
9,Pre-degree college,1516000
101,Regular high school diploma,1159000
31,Associates degree,832000
30,Masters degree,1172000
265,GED or alternative credential,242000
19,Masters degree,1011000
8,Pre-diploma grade,683000
50,Pre-degree college,1200000
32,Pre-diploma grade,850000
43,Associates degree,810000
63,Associates degree,897000
12,Pre-degree college,1173000
47,Bachelors degree,1285000
105,Pre-diploma grade,312000
44,GED or alternative credential,469000
13,N/A,985000
178,Masters degree,1006000
45,Bachelors degree,912000
27,Pre-degree college,1081000
150,Pre-diploma grade,491000
42,Pre-degree college,1024000
13,Pre-diploma grade,663000
182,GED or alternative credential,467000
13,Associates degree,645000
47,Pre-degree college,702000
29,Regular high school diploma,887000
71,Associates degree,424000
15,Pre-diploma grade,631000
2,Regular high school diploma,1215000
79,GED or alternative credential,301000
30,Pre-degree college,1408000
71,N/A,854000
12,N/A,943000
50,N/A,813000
32,Pre-degree college,1010000
37,Associates degree,837000
11,Bachelors degree,1137000
17,N/A,1440000
52,N/A,835000
25,Masters degree,1218000
42,Associates degree,1056000
42,Regular high school diploma,665000
82,N/A,629000
143,N/A,633000
26,Associates degree,575000
31,Regular high school diploma,1012000
48,N/A,1002000
53,Bachelors degree,1228000
104,GED or alternative credential,358000
34,Bachelors degree,838000
43,Associates degree,741000
10,GED or alternative credential,1402000
16,Masters degree,1282000
36,Pre-degree college,902000
19,GED or alternative credential,601000
11,GED or alternative credential,593000
12,N/A,861000
6,Regular high school diploma,975000
12,Pre-diploma grade,761000
35,Masters degree,1078000
56,Bachelors degree,984000
49,Associates degree,684000
45,Bachelors degree,1019000
288,Pre-degree college,1042000
48,Pre-diploma grade,498000
170,Pre-diploma grade,248000
42,N/A,926000
42,GED or alternative credential,-12000
120,Regular high school diploma,684000
41,N/A,1292000
54,Pre-diploma grade,551000
30,Pre-diploma grade,773000
8,Pre-degree college,1073000
11,Bachelors degree,1464000
53,GED or alternative credential,293000
30,Pre-diploma grade,562000
13,Bachelors degree,1393000
6,Regular high school diploma,1114000
4,Pre-degree college,1365000
57,N/A,1006000
11,Associates degree,934000
172,GED or alternative credential,582000
32,N/A,858000
5,Masters degree,1791000
14,N/A,1276000
34,Pre-diploma grade,1085000
25,Regular high school diploma,729000
32,N/A,1218000
15,Pre-degree college,897000
16,Pre-degree college,1175000
12,Masters degree,1212000
25,Associates degree,1159000
25,Associates degree,1175000
28,Pre-diploma grade,814000
30,Bachelors degree,908000
111,GED or alternative credential,529000
21,Pre-diploma grade,783000
9,Regular high school diploma,853000
29,N/A,866000
24,Masters degree,1170000
9,Pre-diploma grade,692000
119,GED or alternative credential,346000
16,Regular high school diploma,702000
25,Pre-diploma grade,828000
19,Associates degree,1081000
10,Bachelors degree,1043000
26,GED or alternative credential,543000
2,GED or alternative credential,1533000
6,Masters degree,1586000
7,Pre-diploma grade,776000
18,Pre-degree college,1308000
118,Associates degree,792000
13,Associates degree,799000
35,Associates degree,1042000
3,Bachelors degree,1231000
45,Masters degree,1115000
13,Regular high school diploma,1024000
9,GED or alternative credential,749000
7,N/A,968000
9,Regular high school diploma,1200000
21,Associates degree,665000
25,Masters degree,1284000
6,Associates degree,1074000
15,Bachelors degree,1109000
38,Pre-diploma grade,748000
10,Masters degree,1366000
85,Associates degree,670000
11,Pre-diploma grade,607000
8,N/A,1078000
11,Pre-degree college,1012000
1,Associates degree,1230000
15,Regular high school diploma,1365000
76,Pre-degree college,1208000
22,Regular high school diploma,902000
9,GED or alternative credential,910000
30,N/A,1170000
4,Masters degree,1359000
9,Regular high school diploma,927000
32,Masters degree,1274000
37,Associates degree,887000
61,GED or alternative credential,651000
12,N/A,879000
131,Pre-degree college,799000
13,Masters degree,1312000
10,Regular high school diploma,668000
18,Pre-degree college,753000
18,Pre-diploma grade,592000
27,Bachelors degree,1297000
17,GED or alternative credential,730000
4,Masters degree,1370000
17,Regular high school diploma,1663000
6,N/A,1083000
24,Pre-degree college,810000
36,Pre-degree college,1390000
14,Masters degree,1315000
8,Associates degree,672000
7,Pre-degree college,975000
14,N/A,1029000
13,Pre-diploma grade,1126000
15,Bachelors degree,1596000
10,Bachelors degree,1252000
4,GED or alternative credential,459000
10,Regular high school diploma,1174000
